id,bezirk,bezeichnung,strasse,plz,von,bis,zeit,veranstalter,Tel,Fax,mail,www,bemerkungen,Eintrittspreis,Änderungen
16,,,,,0000-00-00,0000-00-00,,,,,,,,,
586,Beelitz,Kürbis- und Spargelhof Syring - Mit großem Kreiserntefest,"Trebbiner Str. 69f, Beelitz OT Zauchwitz",,19.09.2015,20.09.2015,"K.A.
",Syring - Feinkost,033204/63 80 - 0,033204/63 80 29,info@beelitzerkuerbis.de,www.beelitzerkuerbis.de,,K.A.,"
Eintritt"
448,Beeskow,"18. Osterspectaculum auf der Burg Beeskow - Historischer Markt, Ritterlager & Ritterkämpfe am Boden, Musik & Show",Burg Beeskow,15848,04.04.2015,06.04.2015,10:00-20:00,Carnica Historische Feste & Märkte,0171/515 32 70,033602/29 64,post@carnica.de,www.carnica-spectaculi.de,"","Eintritt Erwachsene 10 € (3-Tageskarte 15 €) , Kinder bis 5 Jahre frei, 
Kinder 6 - 16 Jahre 5 € (8 €), Schüler, Studenten, gewandete Gäste 8 € 
(13 €), Familie 25 € (30 €) , Besuch der Museen, Ausstellungen und 
Turmbesuch der Burg im Eintrittspreis enthalten",Eintritt
488,Bernau,24. Hussitenfestspiele Bernau,Stadt und Stadtpark Bernau,,12.06.2015,14.06.2015,"Fr 14:00-01:00
Sa 10:00-01:00
So 10:00-19:00",LAUBINGER Veranstaltungsagentur,033439/14 34 90,033439/14 34 92,info@laubinger.de,www.laubinger.de,"große Kirmes im Stadtpark Bernau, Mittelalterspektakel, Altstadtmarkt, großer Festumzug",Eintritt frei,"Uhrzeit Eintritt
"
552,Burg (Spreewald),23. Heimat- und Trachtenfest des Amtes Burg (Spreewald),Festplatz,,28.08.2015,30.08.2015,10:00-00:00,"Veranstaltungsagentur Rica Neels, Cottbus, i. Z. m. dem Amt Burg (Spreewald)",035603/75 01 60,035603/750 16 16,info@BurgimSpreewald.de,www.BurgimSpreewald.de,"Großer traditioneller Festumzug: 30.08., 14:00",Eintritt frei,Bemerkungen Eintritt
2,Charlottenburg-Wilmersdorf,4. Ostermarkt auf dem Breitscheidplatz,Breitscheidplatz,,04.04.2015,12.04.2015,"Mo - Do 11:00-21:00
Fr - So 11:00-22:00","Schaustellerverband Berlin e. V.
","213 32 90
",213 40 34,info@svbev.de,www.schaustellerverband-berlin.de,"",Eintritt frei,Bemerkungen Eintritt
4,Charlottenburg-Wilmersdorf,Maifest 2015,Rüdesheimer Platz,14197,09.05.2015,10.05.2015,"Sa 11:00-22:00
So 10:00-20:00
","Rüdi-Net e. V.
",0152/33 79 85 14,"",mail@ruedi-net.de,www.ruedinet.de,"Marktmeile:
Sa, So 11:00-19:00 ","Eintritt frei
",Eintritt
6,Charlottenburg-Wilmersdorf,Fest der Nationen,Prager Platz,,29.05.2015,31.05.2015,"
K.A.","Catering Company GmbH
Herr Arzig
","282 21 84, 0170/222 12",28 59 81 40,cateringcompany@email.de,www.catering-company-berlin.de,,K.A.,Eintritt
8,Charlottenburg-Wilmersdorf,Frühling in Westend,Preußenallee,14052,09.05.2015,10.05.2015,"Sa 11:00-23:00
So 11:00-20:00","Family & Friends e. V.
",0178 / 238 55 21,305 55 21,stadtkultur@family-and-friends-eV.de,www.family-and-friends-eV.de,,K.A.,Telefon Eintritt
10,Charlottenburg-Wilmersdorf,Kinder- und Familienfest auf dem Klausener Platz,Klausener Platz,,24.05.2015,25.05.2015,10:00-22:00,"Ensar Camii e. V.
",33 00 74 29/35,"",ensar.camii@web.de,K.A.,,K.A.,Telefon Mail WWW Eintritt
12,Charlottenburg-Wilmersdorf,6. Berliner Kunstallee,"Schloßstr. 1-12
ggü. Schloss Charlottenburg",,30.05.2015,31.05.2015,11:00-18:00,"Cornelja Hasler, Kunsthand-Berlin",40 63 70 31,401 74 40,info@kunsthand-berlin.de,www.kunsthand-berlin.de,,K.A.,Eintritt
14,Charlottenburg-Wilmersdorf,Fest im Österreich Park,Sömmeringstr. 1,10589,21.06.2015,21.06.2015,15:00-22:00,"Österreich Werbung, Kontakt: Markus Aspetzberger",21 91 48 16,"",markus.aspetzberger@austria.info,www.austria.info/berlin,,Eintritt frei,Eintritt
18,Charlottenburg-Wilmersdorf,37. Christopher Street Day Parade 2015,Beginn: Kurfürstendamm,,27.06.2015,27.06.2015,12:30,Berliner CSD e. V.,23 62 86 32,23 62 86 34,info@csd-berlin.de,www.csd-berlin.de,,Eintritt frei,Mail Eintritt
20,Charlottenburg-Wilmersdorf,21. Fête de la Musique,"",,21.06.2015,21.06.2015,14:00-22:00,Fête Company,+49-30- 417 15 289,"",hallo@fetedelamusique.de,www.fetedelamusique.de,Veranstaltungsorte und Uhrzeiten: siehe gesondertes Verzeichnis,Eintritt frei,Straße Bemerkungen Eintritt
22,Charlottenburg-Wilmersdorf,35. Internationales Drehorgelfest,Breitscheidplatz/Kaiser-Wilhelm-Gedächtniskirche,,03.07.2015,05.07.2015,"Fr 11:00-24:00
Sa 11:00-24:00
So 11:00-21:00",Schaustellerbetrieb Thilo-Harry Wollenschlaeger,0163/400 05 00,03322/423 41 39,info@wollenschlaeger-berlin.de,www.wollenschlaeger-berlin.de,,K.A.,Eintritt
24,Charlottenburg-Wilmersdorf,IV. Duckstein-Festival - Kulturfest,Schloss Charlottenburg,,10.07.2015,19.07.2015,"Mo - Fr 16:00-23:00
Sa 14:00-24:00
So 12:00-22:00",bwp festival & event GmbH,040/46 88 23 01,"",info@bergmann-gruppe.net,www.ducksteinfestival.de,,K.A.,Eintritt
26,Charlottenburg-Wilmersdorf,Kleines Straßenfest zum Schweizer Nationalfeiertag,Güntzelstraße,10717,01.08.2015,01.08.2015,11:00-23:00,Kamfa Feinkost GmbH Chuchichäschtli,53 67 72 20,25 56 41 94,info@chuchichaeschtli.de,www.chuchichaeschtli.de,,K.A.,Eintritt
28,Charlottenburg-Wilmersdorf,"""Summer In the City"" 2015 - Partnerboulevards der ""Vereinigung weltbekannter Einkaufsstraßen"" aus 8 Ländern präsentieren sich",Breitscheidplatz an der Kaiser-Wilhelm-Gedächtniskirche,10789,31.07.2015,16.08.2015,"31.07.: 16:30-24:00
So - Do 10:00-22:00
Fr, Sa 10:00-24:00",Arbeitsgemeinschaft City e. V.,262 95 91/92,262 95 93,info@agcity.de,www.agcity.de,"",Eintritt frei,Eintritt
30,Charlottenburg-Wilmersdorf,"Sommerfest am Rüdesheimer Platz - ""Wir treffen uns am Rüdesheimer Platz""",Rüdesheimer Platz und Landauer Straße,14197,05.09.2015,06.09.2015,"Sa 11:00-22:00
So 10:30-20:00","Rüdi-Net e V., Das Netzwerk am Rüdesheimer Platz",0152/33 79 85 14,"",mail@ruedi-net.de,www.ruedi-net.de,"Marktmeile: Sa, So 11:00-19:00",Eintritt frei,Eintritt
32,Charlottenburg-Wilmersdorf,41. Berliner Seniorenwoche,Breitscheidplatz,,05.09.2015,17.09.2015,10:00 - 17:00,Senatsverwaltung für Gesundheit und Soziales,90 28 27 92,86 20 89 71,info@senioren-berlin.de,www.senioren-berlin.de,"",Eintritt frei,Eintritt
34,Charlottenburg-Wilmersdorf,Sommerfest der Kirchengemeinde Alt-Schmargendorf,Misdroyer Str. 39,,05.07.2015,05.07.2015,ab 14:00,Evangelische Kirchengemeinde Alt-Schmargendorf,81 82 69 86,823 62 77,mail@alt-schmargendorf.de,www.alt-schmargendorf.de,13:00 Familiengottesdienst,Eintritt frei,Mail Eintritt
36,Charlottenburg-Wilmersdorf,14. Antikmeile Suarezstraße,Suarezstraße zwischen Kantstraße und Kaiserdamm,,05.09.2015,05.09.2015,12:00-20:00,"Oldthing, Michael Schrottmeyer",29 00 20 10,"",service@oldthing.de,http://oldthing.de/suarezstrasse,,Eintritt frei,WWW Eintritt
38,Charlottenburg-Wilmersdorf,Herbst in Westend,Preußenallee,14052,19.09.2015,20.09.2015,"Sa 11:00-23:00
So 11:00-20:00",Family & Friends e. V.,305 55 21,305 55 21,stadtkultur@family-and-friends-eV.de,www.family-and-friends-eV.de,,K.A.,Eintritt
632,Charlottenburg-Wilmersdorf,BERLIN CELEBRATES IFA - die Trendshow am Kurfürstendamm,Breitscheidplatz,10789,04.09.2015,09.09.2015,10:00-20:00,Arbeitsgemeinschaft City e. V. in Kooperation mit der Messe Berlin GmbH und der Agentur AD AGENDA Kommunikation und Event GmbH,536 33 30,,Anne.Heinemann@ad-agenda.com,http://celebrate-ifa.de/,"",Eintritt frei,Eintritt
640,Charlottenburg-Wilmersdorf,Sport im Olympiapark mit dem 21. Kinder- und Jugendfestival,Gelände des Olympiaparks,,30.08.2015,30.08.2015,10:00-18:00,Landessportbund Berlin e. V. in Kooperation mit Juventus Deutschland e. V.,30 00 20,,M.Luetzen@sport-im-olympiapark-berlin.de,http://www.sport-im-olympiapark-berlin-2014.de,,K.A.,Mail Eintritt
432,Cottbus,Umzug in Cottbus,Cottbuser Innenstadt,,08.02.2015,08.02.2015,13:11-17:00,Drebkauer Carneval Club e. V.,035602/212 64,035602/212 64,info@drebkau-helau.de,www.drebkau-helau.de,,,
510,Eberswalde,8. FinE Straßenkulturfest (Fest in Eberswalde),Eberswalder Innenstadt und am Ufer des Finowkanals,,06.06.2015,06.06.2015,10:30-01:00,Stadt Eberswalde,03334/645 20,03334/644 19,kulturamt@eberswalde.de,www.eberswalde.de,,K.A.,Mail Eintritt
478,Erkner,23. Heimatfest Erkner,Friedrichstraße,,05.06.2015,07.06.2015,K.A.,LAUBINGER Veranstaltungsagentur,033439/14 34 90,033439/14 34 92,info@laubinger.de,www.laubinger.de,"großes Stadtfest mit Bühnenprogramm, Festumzug, Feuerwerk, Vereinsprogramm",K.A.,Eintritt
616,Falkensee,19. Falkenseer Herbstfest,Falkenseer Chaussee,,16.10.2015,25.10.2015,K.A.,Schaustellerbetrieb Thilo-Harry Wollenschlaeger,0163/400 05 00,03322/423 41 39,info@wollenschlaeger-berlin.de,www.wollenschlaeger-berlin.de,,K.A.,Eintritt Zeit
518,Finowfurt,20. Flößerfest Finowfurt,,,03.07.2015,05.07.2015,Fr 13:00,LAUBINGER Veranstaltungsagentur,033439/14 34 90,033439/14 34 92,info@laubinger.de,www.laubinger.de,"Stadtfest mit großem Bühnenprogramm, Festumzug, Schauflößen, Vereinsmeile, Handwerkern, Feuerwerk und Aktivitäten rund ums Wasser",K.A.,Eintritt
516,Fredersdorf,Brückenfest,,15370,27.06.2015,28.06.2015,K.A.,LAUBINGER Veranstaltungsagentur,033439/14 34 90,033439/14 34 92,info@laubinger.de,www.laubinger.de,"Sommerfest mit Bühnenprogramm, Schaustellern, Händlermeile und Vereinsprogramm",Eintritt frei,Eintritt
40,Friedrichshain-Kreuzberg,Myfest 2015,Rund um den Mariannenplatz und die Oranienstraße,,01.05.2015,01.05.2015,12:00-22:00,Kotti e. V.,,,"
info@myfest.de",www.myfest.de,,Eintritt frei,Zeit Eintritt
42,Friedrichshain-Kreuzberg,Familienfest im Görlitzer Park,Görlitzer Park,,13.06.2015,13.06.2015,14:00-19:00,Mitveranstalter: GEKKO Reichenberger Kiez im Kreuzberger Stadtteilzentrum,61 62 72 83,61 62 49 99,gekko-reichberger@nachbarschaftshaus.de,www.reichenbergerkiez.net,,K.A.,Eintritt
44,Friedrichshain-Kreuzberg,13. OpenAirGallery 2015 auf der Oberbaumbrücke,Oberbaumbrücke,,07.06.2015,07.06.2015,10:00-20:00,"Stadtteilausschuss Kreuzberg e. V., Projektleiter: Herr Bayam",61 28 27 00,61 28 27 01,post@stadtteilausschuss-kreuzberg.de,www.openairgallery.de,,Eintritt frei,Eintritt
46,Friedrichshain-Kreuzberg,20. Karneval der Kulturen,Blücherplatz,,22.05.2015,25.05.2015,"Fr 16:00-24:00
Sa 11:00-24:00
So 11:00-24:00
Mo 11:00-19:00",Kulturprojekte Berlin GmbH,24 74 98 47,,info@karneval-berlin.de,www.karneval-berlin.de,"Straßenumzug:
24.05.: 12:30 - ca. 21:00, Umzugsstrecke: Hermannplatz - Hasenheide - Gneisenaustraße - Mehringdamm",Eintritt frei,Eintritt
48,Friedrichshain-Kreuzberg,19. Kinderkarneval der Kulturen,Start am Mariannenplatz,,23.05.2015,23.05.2015,13:30 Start am Mariannenplatz,Kreuzberger Musikalische Aktion KMA e. V.,25 29 51 63/4,25 29 51 62,booking@kma-antenne.de,www.kma-kinderkarneval.de,"Kinderfest:
15:00-19:00 im Görlitzer Park",Eintritt frei,Eintritt
50,Friedrichshain-Kreuzberg,21. Fête de la Musique,"",,21.06.2015,21.06.2015,"14:00-22:00
",Fête Company,+49-30- 417 15 289,,hallo@fetedelamusique.de,www.fetedelamusique.de,Veranstaltungsorte und Uhrzeiten: siehe gesondertes Verzeichnis,Eintritt frei,Eintritt Telefon
52,Friedrichshain-Kreuzberg,22. Bergmannstraßenfest/Kreuzberg jazzt!,Bergmannstraße / Chamissoplatz,,26.06.2015,28.06.2015,"Fr 16:00-22:00
Sa 11:00-22:00
So 11:00-20:00",Kiez und Kultur e. V.,61 67 56 81,61 67 56 82,office@kiez-und-kultur.de,www.kiez-und-kultur.de,,Eintritt frei,Eintritt
54,Friedrichshain-Kreuzberg,13. OpenAirGallery 2015 auf der Oberbaumbrücke,Oberbaumbrücke,,05.07.2015,05.07.2015,10:00-20:00,"Stadtteilausschuss Kreuzberg e. V., Projektleiter: Herr Bayam",61 28 27 00,61 28 27 01,post@stadtteilausschuss-kreuzberg.de,www.openairgallery.de,,Eintritt frei,Eintritt
56,Friedrichshain-Kreuzberg,19. Internationales Berliner Bierfestival,"Karl-Marx-Allee, vom Strausberger Platz bis zum Frankfurter Tor",,07.08.2015,09.08.2015,"Fr 12:00-24:00
Sa 10:00-24:00
So 10:00-22:00",PRÄSENTA GmbH,65 76 35 60,65 76 35 69,info@praesenta-berlin.de,www.praesenta-berlin.de,www.bierfestival-berlin.de,Eintritt frei,Eintritt
58,Friedrichshain-Kreuzberg,18. Lesbischwules Parkfest,Volkspark Friedrichshain,,08.08.2015,08.08.2015,15:00-22:00,AWO Kreisverband Berlin-Friedrichshain-Kreuzberg e. V.,42 08 90 34,42 08 92 99,awo-berlin@spree-wuhle.de,www.parkfest-friedrichshain.de,,Eintritt frei,Eintritt
60,Friedrichshain-Kreuzberg,Das Radioeins Parkfest,Park am Gleisdreieck,,27.08.2015,06.09.2015,K.A.,"radioeins vom RBB, Marlene-Dietrich-Allee 20, 14482 Potsdam",0331 - 70 99 222,,office@radioeins.de,www.radioeins.de,,Eintritt frei,Eintritt Telefon Zeit
62,Friedrichshain-Kreuzberg,7. Reichenberger Kiezfest Nachbarschaftsfest,Reichenberger Straße zwischen Lausitzer Straße und Ohlauer Straße,,29.08.2015,29.08.2015,15:00-22:00,GEKKO Reichenberger Kiez im Kreuzberger Stadtteilzentrum,61 62 72 83,61 62 49 99,Gekko-reichberger@nachbarschaftshaus.de,www.reichenbergerkiez.net,,Eintritt frei,Eintritt
64,Friedrichshain-Kreuzberg,Sommerfest Alte Feuerwache,"Alte Feuerwache, Marchlewskistr. 6",,25.09.2015,25.09.2015,16:00-22:00,"Kulturhaus Friedrichshain, Alte Feuerwache",426 66 36,,studiobuehne@kulturamtfk.de,www.kulturamt-friedrichshain-kreuzberg.de/alte-feuerwache/,,K.A.,Eintritt
66,Friedrichshain-Kreuzberg,Sommerfest des Vereins Alte Feuerwache Kreuzberg,Axel-Springer-Str. 40/41,10969,13.09.2015,13.09.2015,14:00-18:00,Alte Feuerwache e. V.,25 39 92 10,,mailbox@alte-feuerwache.de,www.alte-feuerwache.de,,K.A.,Eintritt
68,Friedrichshain-Kreuzberg,Straßenfest am Internationalen Welttag der Gehörlosen im Rahmen der 4. DEAF WEEK (19. - 27.09.2015),"Friedrichstraße 10 - 12, am Theodor-Wolff-Park",,26.09.2015,26.09.2015,K.A.,Gehörlosenverband Berlin e. V.,,"
030 – 251 70 53",info@deafberlin.de,www.deafberlin.de,,K.A.,Eintritt Fax
554,Hennigsdorf,19. Hennigsdorfer Festmeile,Fußgängerzone zwischen Havelplatz und Postplatz,16761,28.08.2015,30.08.2015,"Fr 18:00-24:00
Sa 11:00-24:00
So 11:00-20:00",Stadt Hennigsdorf in Zusammenarbeit mit S & T Veranstaltungsservice und Bergmann Eventgastronomie,,,,www.hennigsdorf.de,,K.A.,Eintritt
490,Kagel (Grünheide),640 Jahrfeier,Dorfanger Kagel (Grünheide),15537,19.06.2015,20.06.2015,"Fr 16:00-22:00
Sa 10:00-22:00
So 10:00-21:00","Wandertheater Cocolorus Budenzauber, Brauchtumspflege Mecklenburg-Vorpommern e. V., Dietmar Frick",039826/134 20,039826/134 24,cocolorus@t-online.de,www.cocolorus-diaboli.de,,"Eintritt: 7 Euro, erm. 3 Euro
",Eintritt Zeit
446,Klaistow,25 Jahre Buschmann und Winkelmann und Eröffnung der Klaistower Spargelsaison,Spargel- und Erlebnishof Klaistow,14547,18.04.2015,19.04.2015,14:00-22:00,"Spargel- und Erlebnishof Buschmann & Winkelmann, Glindower Str. 28, 14547 Beelitz OT Klaistow",033206/610 70,033206/610 89,info@buschmann-winkelmann.de,www.buschmann-winkelmann.de,,K.A.,Zeit Eintritt
450,Klaistow,Großes Osterfeuer in Klaistow,Spargel- und Erlebnishof Klaistow,14547,05.04.2015,05.04.2015,"18:00-22:00
","Spargel- und Erlebnishof Buschmann & Winkelmann, Glindower Str. 28, 14547 Beelitz OT Klaistow",033206/610 70,033206/610 89,info@buschmann-winkelmann.de,www.buschmann-winkelmann.de,,K.A.,Zeit Eintritt
464,Klaistow,Maifeiertag mit Live-Musik,Spargel- und Erlebnishof Klaistow,14547,01.05.2015,01.05.2015,16:00-22:00,"Spargel- und Erlebnishof Buschmann & Winkelmann, Glindower Str. 28, 14547 Beelitz OT Klaistow",033206/610 70,033206/610 89,info@buschmann-winkelmann.de,www.buschmann-winkelmann.de,,K.A.,Zeit Eintritt
470,Klaistow,Klaistower Spargelfest,Spargel- und Erlebnishof Klaistow,14547,03.05.2015,03.05.2015,16:00-22:00,"Spargel- und Erlebnishof Buschmann & Winkelmann, Glindower Str. 28, 14547 Beelitz OT Klaistow",033206/610 70,033206/610 89,info@buschmann-winkelmann.de,www.buschmann-winkelmann.de,,K.A.,Zeit Eintritt
474,Klaistow,Zum Muttertag Beelitzer Spargel und Gesang mit dem Shantychor der Wasserschutzpolizei Brandenburg,Spargel- und Erlebnishof Klaistow,14547,10.05.2015,10.05.2015,14:00-20:00,"Spargel- und Erlebnishof Buschmann & Winkelmann, Glindower Str. 28, 14547 Beelitz OT Klaistow",033206/610 70,033206/610 89,info@buschmann-winkelmann.de,www.buschmann-winkelmann.de,,K.A.,Zeit Eintritt
480,Klaistow,Himmelfahrt in Klaistow,Spargel- und Erlebnishof Klaistow,14547,14.05.2015,14.05.2015,12:00-22:00,"Spargel- und Erlebnishof Buschmann & Winkelmann, Glindower Str. 28, 14547 Beelitz OT Klaistow",033206/610 70,033206/610 89,info@buschmann-winkelmann.de,www.buschmann-winkelmann.de,,K.A.,Zeit Eintritt
492,Klaistow,9. Beelitzer Spargellauf,Spargel- und Erlebnishof Klaistow,14547,30.05.2015,30.05.2015,ab 10:00,"Spargel- und Erlebnishof Buschmann & Winkelmann, Glindower Str. 28, 14547 Beelitz OT Klaistow",033206/610 70,033206/610 89,info@buschmann-winkelmann.de,www.buschmann-winkelmann.de,,K.A.,Zeit Eintritt
494,Klaistow,Kindertag,Spargel- und Erlebnishof Klaistow,14547,01.06.2015,01.06.2015,ab 10:00,"Spargel- und Erlebnishof Buschmann & Winkelmann, Glindower Str. 28, 14547 Beelitz OT Klaistow",033206/610 70,033206/610 89,info@buschmann-winkelmann.de,www.buschmann-winkelmann.de,,K.A.,Zeit Eintritt
502,Klaistow,Pfingsten auf dem Spargelhof Klaistow,Spargel- und Erlebnishof Klaistow,14547,24.05.2015,25.05.2015,"12:00-20:00
","Spargel- und Erlebnishof Buschmann & Winkelmann, Glindower Str. 28, 14547 Beelitz OT Klaistow",033206/610 70,033206/610 89,info@buschmann-winkelmann.de,www.buschmann-winkelmann.de,,K.A.,Zeit Eintritt
508,Klaistow,Hoffest zur Brandenburger Landpartie,Spargel- und Erlebnishof Klaistow,14547,13.06.2015,14.06.2015,K.A.,"Spargel- und Erlebnishof Buschmann & Winkelmann, Glindower Str. 28, 14547 Beelitz OT Klaistow",033206/610 70,033206/610 89,info@buschmann-winkelmann.de,www.buschmann-winkelmann.de,,K.A.,Zeit Eintritt
514,Klaistow,Erdbeerfest mit Riesen-Erdbeertorte und DRK-Blutspendeaktion,Spargel- und Erlebnishof Klaistow,14547,07.06.2015,07.06.2015,K.A.,"Spargel- und Erlebnishof Buschmann & Winkelmann, Glindower Str. 28, 14547 Beelitz OT Klaistow",033206/610 70,033206/610 89,info@buschmann-winkelmann.de,www.buschmann-winkelmann.de,Anschnitt 10:00,"K.A.
",Zeit Eintritt
524,Klaistow,Mud Day - Spaß im Matsch,Spargel- und Erlebnishof Klaistow,14547,08.08.2015,08.08.2015,12:00-17:00,"Spargel- und Erlebnishof Buschmann & Winkelmann, Glindower Str. 28, 14547 Beelitz OT Klaistow",033206/610 70,033206/610 89,info@buschmann-winkelmann.de,www.buschmann-winkelmann.de,,K.A.,"Eintritt
"
532,Klaistow,Heidelbeerfest,Spargel- und Erlebnishof Klaistow,14547,19.07.2015,19.07.2015,ab 12:00,"Spargel- und Erlebnishof Buschmann & Winkelmann, Glindower Str. 28, 14547 Beelitz OT Klaistow",033206/610 70,033206/610 89,info@buschmann-winkelmann.de,www.buschmann-winkelmann.de,,K.A.,Eintritt
546,Klaistow,Zuckertütenfest für Brandenburger und Berliner ABC-Schützen,Spargel- und Erlebnishof Klaistow,14547,29.08.2015,29.08.2015,12:00-15:00,"Spargel- und Erlebnishof Buschmann & Winkelmann, Glindower Str. 28, 14547 Beelitz OT Klaistow",033206/610 70,033206/610 89,info@buschmann-winkelmann.de,www.buschmann-winkelmann.de,,K.A.,Eintritt
558,Klaistow,"Eröffnung der 12. Berlin-Brandenburgischen Kürbisausstellung ""Könige in Klaistow""",Spargel- und Erlebnishof Klaistow,14547,29.08.2015,29.08.2015,K.A.,"Spargel- und Erlebnishof Buschmann & Winkelmann, Glindower Str. 28, 14547 Beelitz OT Klaistow",033206/610 70,033206/610 89,info@buschmann-winkelmann.de,www.buschmann-winkelmann.de,,K.A.,Eintritt Zeit
582,Klaistow,Riesen-Kürbissuppe,Spargel- und Erlebnishof Klaistow,14547,06.09.2015,06.09.2015,K.A.,"Spargel- und Erlebnishof Buschmann & Winkelmann, Glindower Str. 28, 14547 Beelitz OT Klaistow",033206/610 70,033206/610 89,info@buschmann-winkelmann.de,www.buschmann-winkelmann.de,,K.A.,Eintritt Zeit
592,Klaistow,3. Deutsche Riesengemüse-Wiegemeisterschaft,Spargel- und Erlebnishof Klaistow,14547,20.09.2015,20.09.2015,Ab 14:00,"Spargel- und Erlebnishof Buschmann & Winkelmann, Glindower Str. 28, 14547 Beelitz OT Klaistow",033206/610 70,033206/610 89,info@buschmann-winkelmann.de,www.buschmann-winkelmann.de,,K.A.,Eintritt
602,Klaistow,Offene GPC-Kürbiswiegemeisterschaft Berlin-Brandenburg 2015,Spargel- und Erlebnishof Klaistow,14547,27.09.2015,27.09.2015,ab 14:00,"Spargel- und Erlebnishof Buschmann & Winkelmann, Glindower Str. 28, 14547 Beelitz OT Klaistow",033206/610 70,033206/610 89,info@buschmann-winkelmann.de,www.buschmann-winkelmann.de,Vorjahressieger: 951 kg,K.A.,Eintritt
610,Klaistow,Oktoberfest,Spargel- und Erlebnishof Klaistow,14547,25.09.2015,25.09.2015,19:00-24:00,"Spargel- und Erlebnishof Buschmann & Winkelmann, Glindower Str. 28, 14547 Beelitz OT Klaistow",033206/610 70,033206/610 89,info@buschmann-winkelmann.de,www.buschmann-winkelmann.de,"",Eintritt 7 €,Eintritt
618,Klaistow,Drachenfest,Spargel- und Erlebnishof Klaistow,14547,18.10.2015,18.10.2015,ab 11:00,"Spargel- und Erlebnishof Buschmann & Winkelmann, Glindower Str. 28, 14547 Beelitz OT Klaistow",033206/610 70,033206/610 89,info@buschmann-winkelmann.de,www.buschmann-winkelmann.de,,K.A.,Eintritt
624,Klaistow,"Halloween-Fest mit Kinder-Kostümdisko, Lagerfeuer, Laternenumzug und Feuerwerk",Spargel- und Erlebnishof Klaistow,14547,31.10.2015,31.10.2015,ab 12:00,"Spargel- und Erlebnishof Buschmann & Winkelmann, Glindower Str. 28, 14547 Beelitz OT Klaistow",033206/610 70,033206/610 89,info@buschmann-winkelmann.de,www.buschmann-winkelmann.de,,K.A.,Eintritt
626,Klaistow,Kürbisschlachtefest,Spargel- und Erlebnishof Klaistow,14547,01.11.2015,01.11.2015,"ab 14:00
","Spargel- und Erlebnishof Buschmann & Winkelmann, Glindower Str. 28, 14547 Beelitz OT Klaistow",033206/610 70,033206/610 89,info@buschmann-winkelmann.de,www.buschmann-winkelmann.de,,K.A.,Eintritt Zeit
630,Klaistow,Countryfest,Spargel- und Erlebnishof Klaistow,14547,27.11.2015,27.11.2015,18:00-23:00,"Spargel- und Erlebnishof Buschmann & Winkelmann, Glindower Str. 28, 14547 Beelitz OT Klaistow",033206/610 70,033206/610 89,info@buschmann-winkelmann.de,www.buschmann-winkelmann.de,,K.A.,Eintritt
576,Königs Wusterhausen,"3. Ritterfest in Königs Wusterhausen - Historischer Markt mit Ritterlager & Ritterturnier am Boden, Musik & Show","Festwiese am Nottekanal, Königs Wusterhausen",15711,19.09.2015,20.09.2015,"Sa 10:00-22:00
So 10:00-19:00",Carnica Historische Feste & Märkte,0171/515 32 70,033602/29 64,post@carnica.de,www.carnica-spectaculi.de,"","Eintritt Erwachsene 7 €, Kinder bis 5 Jahre frei, Kinder 6 - 16 Jahre 5 
€, Schüler, Studenten, gewandete Gäste 6 €, Familie 18 € (2 Erwachsene 
mit eigenen Kindern bis 16 Jahre)",Eintritt
522,Kremmen,10. Drachenbootrennen Kremmen auf dem Beetzer See,"Am Beetzer See, Kremmen/Beetz Sommerfeld",,11.07.2015,11.07.2015,ca. 09:00-18:00,"Stadt Kremmen, Organisation: Wassersportzentrum Oranienburg",03301/53 95 90,03301/53 95 91,info@wassersportzentrum-oranienburg.de,www.wassersportzentrum-oranienburg.de,Abendveranstaltung: ca. 20:00-01:00,K.A.,Eintritt
542,Kremmen,Feuer und Flamme für Kremmen,Historisches Scheunenviertel Kremmen,,22.08.2015,22.08.2015,Beginn 14:00,"Theater ""Tiefste Provinz""",0170/212 91 35,,daliborq@aol.com,www.tiefsteprovinz.de,,Eintritt frei,Eintritt
556,Kremmen,Erntefest in Kremmen 2015,Historisches Scheunenviertel Kremmen,,05.09.2015,06.09.2015,Beginn 10:00,Scheunenviertel Kremmen e. V.,033055/222 12,033055/707 65,TIP@Kremmen.de,www.scheunenviertel-kremmen.com/,,"Eintritt frei
",WWW Eintritt
584,Kremmen,Kürbisfest,Kremmen,,16.10.2015,18.10.2015,Beginn 10:00,Scheunenviertel Kremmen e. V.,033055/222 12,033055/707 65,TIP@Kremmen.de,www.scheunenviertel-kremmen.com,,Eintritt frei,Eintritt
70,Lichtenberg,Frühlingsfest Hohenschönhausen,"Frühlingsfest mit Bühnenprogramm und Schaustellern auf dem Parkplatz am Cinemotion Kino, Kirmes",,09.04.2015,12.04.2015,K.A.,LAUBINGER Veranstaltungsagentur,033439/14 34 90,033439/14 34 92,info@laubinger.de,www.laubinger.de,,K.A.,Zeit Eintritt
72,Lichtenberg,9. Deutsch-Russische Festtage 2015,"Trabrennbahn Karlshorst, Treskowallee 129",,12.06.2015,14.06.2015,"Fr ab ca. 15:00
Sa ca. 10:00-23:00
So ca. 10:00-20:00",Deutsch Russische Festtage e. V.,20 60 55 33,20 60 55 34,info@drf-berlin.de,www.drf-berlin.de,,Eintritt frei,Eintritt
74,Lichtenberg,Kinder- und Familienfest Viva Victoria,Vielfalt im Kiez - rund um die alte schmiede,10317,25.04.2015,25.04.2015,14:00-22:00,"firmaris gGmbH, Jugend- und Begegnungsstätte alte schmiede",57 79 79 90,577 97 99 55,alte.schmiede@sozdia.de,www.firmaris.de,www.sozdia.de,"K.A.
",Eintritt
76,Lichtenberg,21. Fête de la Musique,,,21.06.2015,21.06.2015,15:00-22:00,Fête Company,+49-30- 417 15 289,"",hallo@fetedelamusique.de,www.fetedelamusique.de,Veranstaltungsorte und Uhrzeiten: siehe gesondertes Verzeichnis,Eintritt frei,Zeit Eintritt
78,Lichtenberg,Wasserfest in der Rummelsburger Bucht,Rummelsburger Bucht,,29.08.2015,29.08.2015,"13:00-22:00
","firmaris gGmbH, iKARUS stadtteilzentrum",89 62 25 52,89 62 35 47,info@firmaris.de,www.firmaris.de,"","K.A.
",WWW Eintritt
80,Lichtenberg,Schlossfest Friedrichsfelde - 6. Großes Rokoko-Fest,Tierpark Berlin,,22.08.2015,23.08.2015,10:00-17:00,Freunde Hauptstadtzoos - Schloss Friedrichsfelde,51 53 14 07,512 40 61,info@schloss-friedrichsfelde.de,www.schloss-friedrichsfelde.de,"",Eintritt: regulärer Tierparkeintritt,Eintritt
82,Lichtenberg,Erntefest Berlin-Hohenschönhausen,,,01.10.2015,04.10.2015,K.A.,LAUBINGER Veranstaltungsagentur,033439/14 34 90,033439/14 34 92,info@laubinger.de,www.laubinger.de,"großes Erntefest mit Erntegarten, Erntebaum, Bühnenprogramm","K.A.
",Eintritt
84,Marzahn-Hellersdorf,"Osterfest in der ""Helle Mitte""",Ostermarkt mit Bühnenprogramm und Schaustellern auf dem Alice-Salomon-Platz,,03.04.2015,06.04.2015,"Fr 11:00-22:00
Sa, So 11:00-23:00
Mo 11:00-21:00",LAUBINGER Veranstaltungsagentur,033439/14 34 90,033439/14 34 92,info@laubinger.de,www.laubinger.de,"",Eintritt frei,Eintritt
86,Marzahn-Hellersdorf,Kirschblütenfest,"im und am Japanischen, Koreanischen ""Seouler"" und Chinesischen Garten, Eisenacher Str. 99",,12.04.2015,12.04.2015,12:00-17:00,"Gärten der Welt, durchführende Agentur: Artecom Veranstaltungs GmbH & Co. KG",55 49 41 10,67 04 46 56,agentur@artecom-event.de,www.artecom-event.de,"Fernöstlicher Blütenzauber mitten in Berlin - Erleben Sie die Kultur Asiens mit Tanz, Theater und Musik","Sondereintritt ganztags 7 €, ermäßigt 3,50 €",Eintritt Bemerkungen
88,Marzahn-Hellersdorf,"""Helle Mitte tanzt""",Alice-Salomon-Platz,,01.05.2015,03.05.2015,K.A.,LAUBINGER Veranstaltungsagentur,033439/14 34 90,033439/14 34 92,info@laubinger.de,www.laubinger.de,,K.A.,Eintritt Zeit
90,Marzahn-Hellersdorf,"Lotuslaternenfest im und am Koreanischen ""Seouler Garten"" ",Eisenacher Str. 99,,09.05.2015,09.05.2015,18:00-22:00,"Gärten der Welt, durchführende Agentur: Artecom Veranstaltungs GmbH & Co. KG",55 49 41 10,67 04 46 56,agentur@artecom-event.de,www.artecom-event.de,Fernöstliche Welt aus Licht und Schatten - koreanisches Fest anlässlich Buddhas Geburtstag,", Sondereintritt ganztags 7 €, ermäßigt 3,50 €",Eintritt Bemerkungen
92,Marzahn-Hellersdorf,Berliner Europafest,Alice-Salomon-Platz,,09.05.2015,09.05.2015,14:00-19:00,"Senatskanzlei des Regierenden Bürgermeisters von Berlin, Ref. für EU-Angelegenheiten, und Bezirksamt Marzahn-Hellersdorf von Berlin",90293 - 26 30,,sandra.brumm@ba-mh.verwalt-berlin.de,,,K.A.,Eintritt
94,Marzahn-Hellersdorf,16. Biesdorfer Blütenfest mit Weindorf,Oberfeldstraße und Schlosspark,,14.05.2015,17.05.2015,"Do 10:00-22:00
Fr 10:00-22:00
Sa 10:00-22:00
So 10:00-19:00",PRÄSENTA GmbH,65 76 35 60,65 76 35 69,info@praesenta-berlin.de,www.praesenta-berlin.de,,K.A.,Eintritt
96,Marzahn-Hellersdorf,Kindertag mit Theaterprojekt,Victor-Klemperer-Platz,,01.06.2015,01.06.2015,15:00-18:00,Kontakt: Jugendfreizeiteinrichtung Fair,,,zimmermannfrau@gmail.com,,,K.A.,Eintritt
98,Marzahn-Hellersdorf,"""Die fröhliche Helle Mitte""",Hellersdorf vor dem Rathaus/Alice-Salomon-Platz,,10.06.2015,14.06.2015,"10.06.: 12:00-22:00
11.06.: 10:00-23:00
12.06.: 10:00-23:00
13.06.: 10:00-22:00
14.06.: 10:00-20:00",Schaustellerbetrieb Thilo-Harry Wollenschlaeger,0163/400 05 00,03322/423 41 39,info@wollenschlaeger-berlin.de,www.Wollenschlaeger-berlin.de,,Eintritt frei,Eintritt
100,Marzahn-Hellersdorf,TREFFPUNKT M - Kinder- und Jugendfestival,Victor-Klemperer-Platz vor dem Freizeitforum,,13.06.2015,13.06.2015,11:00-18:00,Kontakt: marzahner-promenade@bsm-berlin.de,,,marzahner-promenade@bsm-berlin.de,,,K.A.,Eintritt
102,Marzahn-Hellersdorf,"""Marzahn bewegt"" Kinder- und Jugendfestival",Viktor-Klemperer-Platz vor dem Freizeitforum Marzahn,,13.06.2015,13.06.2015,13:00-18:00,"Kontakt: Geschäftsstraßenmanagement Marzahner Promenade, Regina Roß, c/o RR Stadtberatung",896 00 31 12,896 00 31 13,,,,K.A.,Eintritt
104,Marzahn-Hellersdorf,21. Fête de la Musique,,,21.06.2015,21.06.2015,,Fête Company,+49-30- 417 15 289,,hallo@fetedelamusique.de,www.fetedelamusique.de,Veranstaltungsorte und Uhrzeiten: siehe gesondertes Verzeichnis,Eintritt frei,"Telefon, Bemerkungen Eintritt"
106,Marzahn-Hellersdorf,Klang-Farben-Fest im und am Christlichen Garten,Eisenacher Str. 99,,28.06.2015,28.06.2015,12:00-17:00,"Gärten der Welt, durchführende Agentur: Artecom Veranstaltungs GmbH & Co. KG",55 49 41 10,67 04 46 56,agentur@artecom-event.de,www.artecom-event.de,"Inspirierende Klänge und Worte rund um den Christlichen Garten, Sondereintritt ganztags 7 €, ermäßigt 3,50 €",,
108,Marzahn-Hellersdorf,"2. Helene-Weigel-Platz Fest ""Helli lässt grüßen""",Helene-Weigel-Platz,,05.07.2015,05.07.2015,14:00-22:30,"Bezirksamt Marzahn-Hellersdorf von Berlin, Standortmarketing Marzahn-Hellersdorf, Oleg Peters",90293 - 26 22,,Oleg.Peters@ba-mh.verwalt-berlin.de,,,K.A.,Eintritt
110,Marzahn-Hellersdorf,Berliner HighlandGames,"Gärten der Welt, auf und an der Spiel- und Liegewiese am Windrad, Eisenacher Str. 99",,25.07.2015,26.07.2015,11:00-17:00,"Gärten der Welt, Eisenacher Str. 99, 12685 Berlin",70 09 06-0,70 09 06 70,event@gaerten-der-welt.de,www.gaerten-der-welt.de,"","Sondereintritt (ganztags) 7 €, ermäßigt 3,50 €",Eintritt
112,Marzahn-Hellersdorf,Sultan's Fest im und am Orientalischen Garten,Eisenacher Str. 99,,09.08.2015,09.08.2015,14:00-18:00,"Gärten der Welt, durchführende Agentur: Artecom Veranstaltungs GmbH & Co. KG",55 49 41 10,67 04 46 56,agentur@artecom-berlin.de,www.artecom-event.de,"Der Sultan bittet zum Fest - 10 Jahre Orientalischer Garten, ","Sondereintritt ganztags 7 €, ermäßigt 3,50 €",Bemerkungen Eintritt
114,Marzahn-Hellersdorf,Viva la musica,"Gärten der Welt, Eisenacher Str. 99",,05.09.2015,05.09.2015,19:30-22:00,"Gärten der Welt, durchführende Agentur: Artecom Veranstaltungs GmbH & Co. KG",55 49 41 10,67 04 46 56,agentur@artecom-event.de,www.artecom-event.de,,"Sitzplätze: Kategorie A: 30,00 €; Kategorie B: 28,00 €; Jahreskartenbesitzer erhalten 50% Rabatt auf die Eintrittspreise 

 ",Eintritt
116,Marzahn-Hellersdorf,Mondfest im und am Chinesischen Garten,Eisenacher Str. 99,,19.09.2015,19.09.2015,17:30-21:30,"Gärten der Welt, durchführende Agentur: Artecom Veranstaltungs GmbH & Co. KG",55 49 41 10,67 04 46 56,agentur@artecom-event.de,www.artecom-event.de,"""Süßer, leuchtender Mond"" - Ein Familienfest zur Verehrung des Mondes in der Tradition Chinas",", Sondereintritt ganztags 7 €, ermäßigt 3,50 €",Eintritt
118,Marzahn-Hellersdorf,21. Alt-Marzahner Erntefest mit Weindorf,Hinter der Mühle im alten Dorf,,11.09.2015,13.09.2015,"Fr 12:00-22:00
Sa 10:00-22:00
So 10:00-19:00",PRÄSENTA GmbH,65 76 35 60,65 76 35 69,info@praesenta-berlin.de,www.praesenta-berlin.de,,Eintritt frei,Eintritt
120,Marzahn-Hellersdorf,Erntefest Berlin-Hellersdorf,Festwiese Hellersdorfer Straße,,25.09.2015,27.09.2015,"K.A.
",LAUBINGER Veranstaltungsagentur,033439/14 34 90,033439/14 34 92,info@laubinger.de,www.laubinger.de,"großes Stadt- und Erntefest mit Erntegarten, Erntebaum, Live-Boxen und Kirmes auf der Festmeile",,"zeit Eintritt
"
122,Marzahn-Hellersdorf,Oktoberfest Le Prom Marzahn,,,25.09.2015,05.10.2015,"Mo, Di 15:00-22:00
Mi, Do 15:00-24:00
Fr, Sa 15:00-24:00
So 12:00-20:00",Schaustellerbetrieb Thilo-Harry Wollenschlaeger,0163/400 05 00,03322/423 41 39,info@wollenschlaeger-berlin.de,www.Wollenschlaeger-berlin.de,Reservierungs-Hotline: 0177 / 42 18 976,"hier einsehbar:
http://www.oktoberfest-bb.de/oktoberfest-marzahn.html",
124,Marzahn-Hellersdorf,"""Marzahn bewegt"" degewo Sporttag",Viktor-Klemperer-Platz und Marzahner Promenade,,19.09.2015,19.09.2015,13:00-19:00,Kontakt: Nadine Falkowski-Koch Marketing/Unternehmenskommunikation,264 85 15 22,264 85 15 05,nadine.falkowski@degewo.de,,,K.A.,Eintritt
126,Marzahn-Hellersdorf,Herbstfest im und am Karl-Foerster-Staudengarten,Eisenacher Str. 99,,18.10.2015,18.10.2015,12:00-16:00,Gärten der Welt,700 90 66 99,67 04 46 56,agentur@artecom-event.de,www.artecom-event.de,"Blattwerk, Blues und Rock'n'Roll","Sondereintritt ganztags 7 €, ermäßigt 3,50 €",Eintritt
128,Mitte,45. Berliner Frühlingsfest auf dem Zentralen Festplatz,Kurt-Schumacher-Damm 207,,27.03.2015,19.04.2015,"Mo - Sa ab 14:00
So, Ostermontag ab 12:00
","Schaustellerverband Berlin e. V.
","213 32 90, 213 40",213 40 34,info@svbev.de,www.schaustellerverband-berlin.de,"","Karfreitag geschlossen, mittwochs halbe Preise auf allen Karussells und Bahnen, Eintritt frei",
130,Mitte,Ostermarkt auf dem Alexanderplatz,Alexanderplatz,,27.03.2015,12.04.2015,"K.A.
",Bergmann Eventgastronomie,"033439/656 43, 03",033439/656 44,info@bergmannevent.de,www.bergmannevent.de,,Eintritt frei,Eintritt
132,Mitte,23 Nisan Internationales Kinderfest am Brandenburger Tor,Am Brandenburger Tor,,25.04.2015,26.04.2015,"Sa 11:00-22:00
So 11:00-20:00","23 Nisan Internationales Kinderfest e. V., Tegeler Weg 97, 10589 Berlin",70 60 04 00,70 60 04 02,23nisanbuehne@googlemail.com,www.23nisankinderfest.de,"",,
134,Mitte,4. Berliner Fest der Kirchen - Aus Freude am Glauben,Alexanderplatz,,12.05.2015,12.05.2015,"K.A.
","Kontakt: Ökomenischer Rat Berlin-Brandenburg, Gierkeplatz 2 - 4, 10585 Berlin",342 10 00,10/11/0342,post@oerbb.de,www.oerbb.de,,K.A.,Zeit Eintritt
136,Mitte,Garmin Velothon Berlin 2015,Zielbereich: Straße des 17. Juni,,31.05.2015,31.05.2015,"K.A.
","Lagardère Unlimited Events Germany GmbH, Garmin Velothon Berlin",01805/77 17 50,,,www.garmin-velothon-berlin.de,,"K.A.
",Zeit Eintritt
138,Mitte,UEFA Champions Festival Brandenburger Tor,"auf dem Pariser Platz, Platz des 18. März und Straße des 17. Juni (bis Y.-Rabin-Straße)",,04.06.2015,06.06.2015,"Do 11:00-23:00
Fr 11:00-23:00
Sa 11:00-20:00
So 11:00-17:00","COMPACTTEAM Event - Marketing - Concept GmbH, Mendelssohnstr. 27, 10405 Berlin",44 38 00 50,44 38 00 59,info@compact-team.de,www.compact-team.de,,K.A.,Eintritt
140,Mitte,20. UMWELTFESTIVAL der GRÜNEN LIGA,Am Brandenburger Tor und auf der Straße des 17. Juni,,14.06.2015,14.06.2015,11:00-19:00,"GRÜNE LIGA Berlin, Anke Ortmann",443 39 10,,umweltfestival@grueneliga.de,www.grueneliga-berlin.de,www.umweltfestival.de,K.A.,Eintritt
142,Mitte,53. Deutsch-Französisches Volksfest auf dem Zentralen Festplatz,Kurt-Schumacher-Damm 207,,19.06.2015,19.07.2015,"Mo - Sa ab 14:00
So ab 13:00","Schaustellerverband Berlin e. V.
",213 32 90,213 40 34,info@svbev.de,www.schaustellerverband-berlin.de,"","Eintritt 2 €, Kinder bis 14 Jahre frei",Eintritt
144,Mitte,21. Fête de la Musique,,,21.06.2015,21.06.2015,ab 14:00,Fête Company,+49-30- 417 15 289,,hallo@fetedelamusique.de,www.fetedelamusique.de,Veranstaltungsorte und Uhrzeiten: siehe gesondertes Verzeichnis,Eintritt frei,Eintritt
146,Mitte,37. Christopher Street Day Parade 2015,Abschlusskundgebung: Brandenburger Tor,,27.06.2015,27.06.2015,ab 17:00,Berliner Christopher Street Day e. V.,"23 62 86 32, 23 6",23 62 86 34,,www.csd-berlin.de,,Eintritt frei,Eintritt
148,Mitte,6. HITS4KIDS Sommerfest,Alexanderplatz,,04.07.2015,05.07.2015,11:00-18:00,"HITS4KIDS TOUR Ltd., Herr Brockmeyer",0201/95 97 97 30,,hits4kids.tour.ltd@googlemail.com,www.hits4kids.de,"",Eintritt frei,Eintritt
150,Mitte,ING-DiBa #shutupandplay 2015 - 3on3 Basketball Tournament,Washingtonplatz / Hauptbahnhof,,18.07.2015,19.07.2015,"K.A.
",Park & Ride Sports GmbH,0151/70 00 87 79,,info@shutupandplay.eu,www.shutupandplay.eu,,"K.A.
",Eintritt Zeit
152,Mitte,"8. Internationales Straßentheaterfestival ""Berlin lacht!""",Alexanderplatz,,23.07.2015,09.08.2015,"23.07.: 16:00-22:00
09.08.: 11:00-20:00
alle anderen Tage: 11:00-22:00
",Berlin lacht! e. V.,"69 20 42 28 - 1, ",69 20 42 28 - 9,info@berlin-lacht.de,www.berlin-lacht.de,"18 Tage auf 5 Bühnen non stop Int. Straßentheater - Artistik, Clownerie, Theater, Feuershows, Installationen u.v.m. für die ganze Familie, Hutspenden erbeten",Eintritt frei,"Zeit Eintritt 
"
154,Mitte,55. Deutsch-Amerikanisches Volksfest,"Gelände der Heidestraße 30, Berlin-Mitte",,24.07.2015,16.08.2015,"Mo, Di 14:00-22:00
Mi, Do 14:00-23:00
Fr, Sa 14:00-23:30
So 12:00-23:00",Schaustellerbetrieb Thilo-Harry Wollenschlaeger,0163/400 05 00,03322/423 41 39,info@wollenschlaeger-berlin.de,www.deutsch-amerikanisches-volksfest.de,"",Eintritt 2 €,Eintritt
156,Mitte,REWE Family - Das Sommerfest,"Zentraler Festplatz, Kurt-Schumacher-Damm",,08.08.2015,08.08.2015,"K.A.
",Kontakt: Zentraler Festplatz Berlin,23 62 72 21,,info@berliner-festplatz.de,www.berliner-festplatz.de,,K.A.,"Zeit Eintritt
"
158,Mitte,25. Hafenfest 2015,Märkisches Ufer/Inselbrücke an der Fischerinsel,,29.08.2015,30.08.2015,jeweils ab 11:00,Berlin-Brandenburgische Schiffahrtsgesellschaft e. V. - Historischer Hafen Berlin,,,buero@historischer-hafen-berlin.de,www.historischer-hafen-berlin.de,,K.A.,Eintritt
160,Mitte,33. Herbstfest Müllerstraße!,Berlin-Wedding zwischen Leopoldplatz und Seestraße,,04.09.2015,06.09.2015,"Fr - Sa 10:00-22:00
So 10:00-20:00",Nareyka Event GmbH,229 04 86/87,229 25 00,info@nareyka.de,www.nareyka.de,,K.A.,Eintritt
162,Mitte,Oktoberfest auf dem Washingtonplatz,,,04.09.2015,20.09.2015,"Mo - Do 12:00-23:00
Fr, Sa 15:00-24:00
So 12:00-22:00",Schaustellerbetrieb Thilo-Harry Wollenschlaeger,0163/400 05 00,03322/423 41 39,info@wollenschlaeger-berlin.de,www.Wollenschlaeger-berlin.de,,K.A.,Eintritt
164,Mitte,"""Das Beste"" - Ein Fest für die Stadt","Berliner Stadtmission, Zentrum am Hauptbahnhof, Lehrter Str. 68",,05.07.2015,05.07.2015,11:00-18:00,Berliner Stadtmission,690 33 34 06,,info@berliner-stadtmission.de,www.berliner-stadtmission.de,,K.A.,Eintritt
166,Mitte,65. Berliner Oktoberfest auf dem Zentralen Festplatz,Kurt-Schumacher-Damm 207,,25.09.2015,18.10.2015,"Mo,Di,Do 15:00-22:00
Mi 15:00-23:00
Fr, Sa 15:00-24:00
So 12:00-22:00
03.10.: 13:00-23:00","Schaustellerverband Berlin e. V.
",213 32 90,213 40 34,info@svbev.de,www.schaustellerverband-berlin.de,,"mittwochs halbe Preise auf alle Karussells und Bahnen, Eintritt frei",Eintritt
168,Mitte,"26. Weltkindertagsfest Berlin 2015 des Deutschen Kinderhilfswerkes unter dem Motto ""Kinder willkommen!""",Potsdamer Platz,,20.09.2015,20.09.2015,11:00-18:00,Deutsches Kinderhilfswerk e. V.,30 86 93 26,,,www.weltkindertag.de,,K.A.,Eintritt
170,Mitte,Oktoberfest auf dem Alexanderplatz,Alexanderplatz,,25.09.2015,11.10.2015,"K.A.
",Bergmann Eventgastronomie,033439/656 43,033439/656 44,info@bergmannevent.de,www.bergmannevent.de,,Eintritt frei,Eintritt
172,Mitte,BMW Berlin Marathon der Inlineskater,"Start: Straße des 17. Juni, Höhe Bellevueallee / Bremer Weg (Kleiner Stern)",,26.09.2015,26.09.2015,"K.A.
",SCC EVENTS GmbH,30 12 88 10,30 12 88 20,info@scc-events.com,www.scc-events.com,,Eintritt frei,Eintritt Zeit
174,Mitte,42. BMW Berlin Marathon,"Start: Straße des 17. Juni, Höhe Bellevueallee / Bremer Weg (Kleiner Stern)",,27.09.2015,27.09.2015,"K.A.
",SCC EVENTS GmbH,30 12 88 10,30 12 88 20,info@scc-events.com,www.scc-events.com,,Eintritt frei,Eintritt Zeit
176,Mitte,Fest zum Tag der Deutschen Einheit am Brandenburger Tor,Straße des 17. Juni,,02.10.2015,04.10.2015,"K.A.
",Wohlthat Entertainment GmbH,247 86 11,247 88 12,info@wohlthat-entertainment.de,www.wohlthat-entertainment.de,,Eintritt frei,Eintritt Zeit
178,Mitte,Welcome 2016 Silvester am Brandenburger Tor,Straße des 17. Juni,,31.12.2015,31.12.2015,"K.A.
",Wohlthat Entertainment GmbH,247 86 11,247 88 12,info@wohlthat-entertainment.de,www.wohlthat-entertainment.de,,Eintritt frei,Eintritt Zeit
638,Mitte,Kinder- und Familienfest/Maifest mit Infomarkt,Straße des 17. Juni,,01.05.2015,01.05.2015,11:00-19:00,"DGB Region Berlin, Keithstr. 1 - 3, 10787 Berlin",,,,www.berlin.dgb.de,"",eintritt frei,Eintritt Zeit
642,Mitte,3. Nikolai-Festspiele,Nikolaiviertel,10178,29.08.2015,30.08.2015,"Sa 12:00-20:00
So 10:00-18:00","Nikolaiviertel e. V., c/o fröhlich wohnen, Propststr. 8",463 10 42,46 30 90 96,verein@berlin-nikolaiviertel.com,www.nikolaifestspiele.de,,Eintritt frei,Eintritt
180,Neukölln,61. Britzer Baumblüte,Parchimer Allee,,01.04.2015,19.04.2015,"Mo - Sa 14:00-22:00
So 12:00-22:00",Schaustellerbetrieb Thilo-Harry Wollenschlaeger,0163/400 05 00,03322/423 41 39,info@wollenschlaeger-berlin.de,www.Wollenschlaeger-berlin.de,Volksfest unter blühenden Bäumen direkt am Gutspark Britz,K.A.,Eintritt
182,Neukölln,50. Neuköllner Maientage,Volkspark Hasenheide,,29.04.2015,25.05.2015,"Mo, Di, Do 15:00-23:00
Mi, Sa 14:00-24:00
Fr 15:00-24:00
So und feiertags 14:00-23:00",Schaustellerbetrieb Thilo-Harry Wollenschlaeger,0163/400 05 00,03322/423 41 39,info@wollenschlaeger-berlin.de,www.Wollenschlaeger-berlin.de,Berlins größtes Parkfest im Volkspark Hasenheide,Eintritt frei,Bermerkungen Eintritt
184,Neukölln,Cocomedivale - Fantasyfestival auf Schloss Britz,Alt-Britz 81 - 89,12359,13.06.2015,14.06.2015,"K.A.
","Wandertheater Cocolorus Budenzauber, Brauchtumspflege Mecklenburg-Vorpommern e. V.",039826/134 20,039826/134 24,cocolorus@t-online.de,www.cocolorus-diaboli.de,,K.A.,Eintritt Zeit
186,Neukölln,17. Rudower Frühlingsmeile,Straße Alt-Rudow,12357,09.05.2015,10.05.2015,"K.A.
",AG Rudow e. V.,0163/676 31 64,033055/212 91,ag-rudow@web.de,www.hier-in-rudow.de,"",K.A.,Eintritt Zeit
188,Neukölln,"8. Britzer Mühlenfest
150 Jahre Britzer Mühle",Buckower Damm 130,,06.06.2015,07.06.2015,"Sa 13:00-22:00
So 10:00-22:00
So 10:00 Feld-Gottesdienst mit dem Gropius-Chor","Restaurant Britzer Mühle, Britzer Müller Verein e. V., Evangelische Kirchengemeinde Alt-Buckow, AG Sympathisches Buckow, Verein Kinder in Gefahr e. V.",604 18 19,,,www.britzermuehle.de,,Eintritt frei,Eintritt
190,Neukölln,Feenfest im Britzer Garten im Rhododendronhain,Mohriner Allee/Buckower Damm/Tauernallee/Sangerhauser Weg,,17.05.2015,17.05.2015,14:00-18:00,Grün Berlin Gmbh,70 09 06 80,70 09 06 70,,www.britzer-garten.de,"","Eintritt 3 €, ermäßigt 1,50 €",Eintritt
192,Neukölln,Sommerliches Kiezfest in der Emser Straße,"Schierker Straße zwischen Nogat- und Selkestraße, Berlin-Neukölln",,30.05.2015,30.05.2015,14:00-19:00,Multikultureller Nachbarschaftsgarten Neukölln e. V. in Kooperation mit Hinter der Fassade e. V.,62 98 87 90,629 88 79 10,team@qm-koernerpark.de,,,K.A.,Eintritt
194,Neukölln,10. Winzerfest im Britzer Garten,"Berlin-Britz, Eingang Sangerhauser Weg",,05.06.2015,07.06.2015,12:00-21:00,PRÄSENTA GmbH,65 76 35 60,65 76 35 69,info@praesenta-berlin.de,www.praesenta-berlin.de,,K.A.,Eintritt
196,Neukölln,8. Britzer Buschrosenfest,Buschrosensteig,12347,06.06.2015,07.06.2015,"K.A.
","Jüttner Entertainment, Christian Jüttner",52 64 66 89,52 64 66 90,info@juettner-entertainment.de,"","",Eintritt frei,Eintritt Zeit
198,Neukölln,Dorfanger- und Kirchweihfest,an der Dorfkirche Alt-Buckow,,13.06.2015,14.06.2015,"Sa 14:00-20:00
So 13:00-19:00",Evangelische Kirchengemeinde Alt-Buckow,10/10/0604,605 19 06,buero@dorfkirche.de,www.dorfkirche.de,,K.A.,Eintritt
200,Neukölln,18. Alt-Buckower Dorfteichfest,Alt-Buckow 2 - 38,,13.06.2015,14.06.2015,"Sa 11:00-21:00
So 10:00-19:00
mit Gottesdienst","AG ""Das sympathische Buckow e. V."", Ansprechpartner: Christian Rieth",0179/394 55 14,34 35 98 73,,www.dorfteichfest.de,"",Eintritt frei,Eintritt
202,Neukölln,Geburtstags- und Sonnenwendfest im Britzer Garten mit großem Abschlussfeuerwerk,"Im gesamten Park, Mohriner Allee/Buckower Damm/Tauernallee/Sangerhauser Weg",,27.06.2015,27.06.2015,13:00-23:00,Grün Berlin GmbH,70 09 06 80,70 09 06 70,,www.britzer-garten.de,"","Eintritt 5 €, ermäßigt 2,50 €",Eintritt
204,Neukölln,21. Fête de la Musique,,,21.06.2015,21.06.2015,14:00-22:00,Fête Company,+49-30- 417 15 289,,hallo@fetedelamusique.de,www.fetedelamusique.de,Veranstaltungsorte und Uhrzeiten: siehe gesondertes Verzeichnis,Eintritt frei,Eintritt Zeit
206,Neukölln,15. Britzer Rosenfest,Backbergstraße Ecke Fulhamer Allee direkt am Schloss Britz,,04.07.2015,05.07.2015,"Sa 12:00-22:00
(DRK Familientag)
So 10:00-20:00
(Rosenfest)",DRK KV Müggelspree e. V.,600 99 90,60 09 99 33,info@juettner-entertainment.de,www.jüttner-entertainment.de,,Eintritt frei,Eintritt
208,Neukölln,"Sommerfest der Musikschule - Tag der offenen Tür -, Gutshof Schloss Britz",Alt-Britz 81,12359,12.07.2015,12.07.2015,"Beginn 10:00
Ende 18:00",Bezirksamt Neukölln von Berlin - Musikschule Paul Hindemith,902 39 32 66,902 39 35 98,,www.musikschule-paul-hindemith.de,,K.A.,Eintritt
210,Neukölln,Britz aktiv! - Sport- und Gesundheitsfest im Britzer Garten,Mohriner Allee/Buckower Damm/Tauernallee und Sangerhauser Weg,,12.07.2015,12.07.2015,12:00-18:00,Grün Berlin GmbH,70 09 06 80,70 09 06 70,,www.britzer-garten.de,"","Eintritt 2 €, ermäßigt 1 €",Eintritt
212,Neukölln,Interkulturelles Ramadanfest-Ramazan Bayrami,Alfred-Scholz-Platz (Karl-Marx-Straße Ecke Ganghofstraße),,19.07.2015,20.07.2015,13:00-22:00,Deutsch-Arabisches Zentrum für Bildung und Integration (DAZ),56 82 66 48,56 82 66 58,daz@ejf.de,www.daz-berlin.info,"",Eintritt frei,Eintritt
214,Neukölln,20. Buckower Strohballenfest bei Bauer Mette,Buckower Damm/Gerlinger Straße auf freiem Feld,,14.08.2015,16.08.2015,"Fr ab 15:00
Sa ab 13:00
So ab 10:00",Ansprechpartner Organisation und Ablauf: Christian Rieth,0179/394 55 14,34 35 98 73,post@bauer-mette.de,www.strohballenfest.de,"",Eintritt frei,Eintritt
216,Neukölln,Country & Folk Festival 2015,"Gutshof Schloss Britz, Alt-Britz 81",12359,19.09.2015,19.09.2015,13:00-20:00,Bezirksamt Neukölln von Berlin - Musikschule Paul Hindemith,902 39 32 66,902 39 35 98,,www.musikschule-paul-hindemith.de,,K.A.,Eintritt
218,Neukölln,Rudower Meilenfest,Straße Alt-Rudow,12357,05.09.2015,06.09.2015,"K.A.
",AG Rudow e. V.,0163/676 31 64,033055/212 91,ag-rudow@web.de,www.hier-in-rudow.de,"",K.A.,Eintritt Zeit
220,Neukölln,Drehorgelfest im Britzer Garten am Festplatz,Mohriner Allee/Buckower Damm/Tauernallee/Sangerhauser Weg,,06.09.2015,06.09.2015,12:00-18:00,Grün Berlin GmbH,70 09 06 80,70 09 06 70,,www.britzer-garten.de,,"Eintritt 3 €, ermäßigt 1,50 €",Eintritt
222,Neukölln,Herbstfest an der Dorfkirche Alt-Buckow,,,19.09.2015,19.09.2015,15:00-20:00,Evangelische Kirchengemeinde Alt-Buckow,10/10/0604,605 19 06,buero@dorfkirche.de,www.dorfkirche.de,,K.A.,Eintritt
224,Neukölln,6. Großes Kürbisfest im Britzer Garten,Mohriner Allee/Buckower Damm/Tauernallee/Sangerhauser Weg,,20.09.2015,20.09.2015,12:00-18:00,Grün Berlin GmbH,70 09 06 80,70 09 06 70,,www.britzer-garten.de,,"Eintritt 3 €, ermäßigt 1,50 €",Eintritt
226,Neukölln,"""Luftikus"" - Luft-, Flug- und Drachenfest im Britzer Garten",Mohriner Allee/Buckower Damm/Tauernallee/Sangerhauser Weg,,11.10.2015,11.10.2015,11:00-17:00,Grün Berlin GmbH,70 09 06 80,70 09 06 70,,www.britzer-garten.de,"","Eintritt 3 €, ermäßigt 1,50 €, Jahreskartenbesitzer frei",Eintritt
634,Neukölln,Familienfest mit Osterfeuer auf dem Milchhof Mendler,"Lettberger Str. 94, Rudow",12355,05.04.2015,05.04.2015,10:00-24:00,Bauer Mendler,663 40 44,,,www.milchhof-mendler.de,,Eintritt frei,Eintritt
468,Neuruppin,Mai- und Hafenfest,Festgelände am Ruppiner See mit Klosterkirche und Bollwerk,16816,01.05.2015,03.05.2015,"01.05. ab 09:00
02.05. ab 08:00
03.05. ab 10:00",Kontakt: Tourismus-Service BürgerBahnhof GmbH,03391/45 46 0,03391/45 46 66,info@tourismus-neuruppin.de,www.tourismus-neuruppin.de,,K.A.,Eintritt
622,Neuruppin,360. Neuruppiner Martinimarkt,Schulplatz Neuruppin,16816,30.10.2015,08.11.2015,"30.10. Beginn 18:00, alle anderen Tage Beginn: 14:00",Kontakt: Tourismus-Service BürgerBahnhof GmbH,03391/45 46 0,03391/45 46 66,info@tourismus-neuruppin.de,www.tourismus-neuruppin.de,,K.A.,Eintritt
454,Oberkrämer,Krämerwaldfest,Oberkrämer,16727,25.04.2015,25.04.2015,11:00 - 18:00,Info: Touristinformation Kremmen,033055/211 61,,TIP@Kremmen.de,http://www.kraemer-forst.de/texte/seite.php?id=145611,,2€,Uhrzeit
570,Oberkrämer,200 Jahre Bockwindmühle Vehlefanz,Oberkrämer OT Vehlefanz,16727,19.09.2015,19.09.2015,11:00 - 17:00,Info: Touristinformation Kremmen,033055/211 61,,TIP@Kremmen.de,,,K.A.,
438,Oranienburg," - Highlandgames Oranienburg - historisches Spektakel mit Kelten, Wikingern, Gauklern und Musikanten",Schlosspark,16515,11.04.2015,12.04.2015,"Sa 10:00-22:00
So 10:00-18:00",TKO gGmbH in Kooperation mit dem Verein für Brauchtumspflege Mecklenburg-Vorpommern e. V. und Lowlander e. V.,03301/60 08 30,03301/60 08 39,info@oranienburg-erleben.de,www.oranienburg-erleben.de,,K.A.,
460,Oranienburg,Orangefest - Oranienburg feiert seine niederländischen Wurzeln,Schloss und Schlosspark Oranienburg,16515,26.04.2015,26.04.2015,10:00-18:00,"Stiftung Preußische Schlösser und Gärten, Stadt Oranienburg, Landkreis Oberhavel und TKO gGmbH",03301/60 08 30,03301/60 08 39,info@oranienburg-erleben.de,www.oranienburg-erleben.de,,K.A.,
472,Oranienburg,Hafenfest mit Shanty-Chor-Festival - Eröffnung der Wassersportsaison,Schlosshafen,16515,09.05.2015,09.05.2015,10:00-16:00,TKO gGmbH,03301/60 08 30,03301/60 08 39,info@oranienburg-erleben.de,www.oranienburg-erleben.de,,K.A.,
476,Oranienburg,"Spielefest - mit historischen XXL-Holzgartenspielen der ""Spiel- und Erlebniswelten"" Jürgen Hohenwald",Schlosspark Oranienburg,16515,14.05.2015,14.05.2015,ab 10:00,TKO gGmbH,03301/60 08 30,03301/60 08 39,info@oranienburg-erleben.de,www.oranienburg-erleben.de,,K.A.,
486,Oranienburg,"3. Rhinland Spargellauf - ""Gutes vom Land - selbst errannt!""",Treffpunkt Schlossplatz,16515,30.05.2015,30.05.2015,9:30,"TKO gGmbH, Team OHV e. V., Spargelhof Kremmen",03301/60 08 30,03301/60 08 39,info@oranienburg-erleben.de,www.oranienburg-erleben.de,,K.A.,
498,Oranienburg,"6. Ritterfest auf dem Schloss Oranienburg - Historischer Markt, Ritterturnier am Boden, Musik & Show",Schloss Oranienburg,16515,23.05.2015,25.05.2015,10:00-19:00,Carnica Historische Feste & Märkte,0171/515 32 70,033602/29 64,post@carnica.de,www.carnica-spectaculi.de,,"Eintritt Erwachsene 6 € (3-Tageskarte 10 €), Kinder bis 5 Jahre frei, Kinder 6 - 16 Jahre 4 € (6 €) , Schüler, Studenten, gewandete Gäste 5 € (9 €) , Familie 15 € (2 Erwachsene mit eigenen Kindern bis 16 Jahre) (20 €)",
506,Oranienburg,Stadtfest mit Drachenbootrennen,"Innenstadt, Bollwerk",16515,12.06.2015,14.06.2015,ab Fr 18:00,"Stadt Oranienburg, Organisation & Durchführung: TKO gGmbH",03301/60 08 30,03301/60 08 39,info@oranienburg-erleben.de,www.oranienburg-erleben.de,,K.A.,Uhrzeit
540,Oranienburg,Schlosspark-Nacht,Schlosspark Oranienburg,16515,08.08.2015,08.08.2015,18:00-24:00,TKO gGmbH,03301/60 08 30,03301/60 08 39,info@oranienburg-erleben.de,www.oranienburg-erleben.de,"Zauberhafte Parkillumination, Livemusik und Showacts für die ganze Familie sowie Feuerwerk",K.A.,
548,Oranienburg,Zuckertütenfest,Schlosspark Oranienburg,16515,29.08.2015,29.08.2015,10:00-17:00,TKO gGmbH,03301/60 08 30,03301/60 08 39,info@oranienburg-erleben.de,www.oranienburg-erleben.de,buntes Programm für alle Abc-Schützen und ihre Familien,K.A.,
572,Oranienburg,Oldtimertreffen - motorisierte Schmuckstücke bis Baujahr 1985,Schlosspark Oranienburg,16515,06.09.2015,06.09.2015,10:00-16:00,"Oldtimer-Club Oberhavel e. V. und Käfer-Club Oranienburg e. V., Info: TKO gGmbH",03301/60 08 30,03301/60 08 39,info@oranienburg-erleben.de,www.oranienburg-erleben.de,,K.A.,
588,Oranienburg,5. Historisches Apfelfest im Schlosspark Oranienburg - alles rund um den Apfel mit historischem Spektakel,Schlosspark Oranienburg,16515,19.09.2015,20.09.2015,ab 10:00,Verein für Brauchtumspflege Mecklenburg-Vorpommern e. V. und TKO gGmbH,03301/60 08 30,03301/60 08 39,info@oranienburg-erleben.de,www.oranienburg-erleben.de,,K.A.,
594,Oranienburg,"4. Oranienburger Regionalmarkt - mehr als 100 Händler bieten ihre regionalen Produkte zum Kauf an, inkl. buntem Rahmenprogramm",Schlossplatz und Schlosspark Oranienburg,16515,26.09.2015,27.09.2015,ab 10:00,"Stadt Oranienburg, Tourismusverein Oranienburg und Umland, TKO gGmbH",03301/60 08 30,03301/60 08 39,info@oranienburg-erleben.de,www.oranienburg-erleben.de,,K.A.,
604,Oranienburg,"6. Gaukler-Schlossfest auf dem Schloss - Historischer Gauklermarkt, Gaukler-Shows, Gaukler-Musik & Gaukler-Märchen",Schloss Oranienburg,16515,03.10.2015,04.10.2015,10:00-19:00,Carnica Historische Feste & Märkte,0171/515 32 70,033602/29 64,post@carnica.de,www.carnica-spectaculi.de,,"Eintritt Erwachsene 6 €, Kinder 6 - 16 Jahre 4 €, Schüler, Studenten, Gewandete 5 €, Kinder bis 5 Jahre frei, Familie 15 € (2 Erwachsene mit eigenen Kindern bis 16 Jahre)",
228,Pankow,Frühlingsfest auf dem Kinderbauernhof Pinke-Panke,"Am Bürgerpark 15 - 18, S-Bahnhof Wollankstraße",,22.03.2015,22.03.2015,14:00-18:00,Kinderbauernhof Pinke-Panke,47 55 25 93,40 04 70 03,,www.kinderbauernhof-pinke-panke.de,,K.A.,
230,Pankow,Kunstfest im Schlosspark Schönhausen,Ossietzkystr. 44/45,13187,13.06.2015,14.06.2015,12:00-22:00,"GESOBAU AG, Kontakt: Frau Solveig Beck",40 73 24 39,40 73 21 01,solveig.beck@gesobau.de,www.gesobau.de,,K.A.,
232,Pankow,Buchholzer Festtage,Französisch Buchholz,,05.06.2015,07.06.2015,ab Fr 18:00,Schaustellerbetrieb Thilo-Harry Wollenschlaeger,0163/400 05 00,03322/423 41 39,info@wollenschlaeger-berlin.de,www.wollenschlaeger-berlin.de,,K.A.,Uhrzeit
234,Pankow,21. Fête de la Musique,,,21.06.2015,21.06.2015,,"Fête Company, Wallstr. 15a, 10179 Berlin","",,hallo@fetedelamusique.de,www.fetedelamusique.de,Veranstaltungsorte und Uhrzeiten: siehe gesondertes Verzeichnis,Eintritt frei,Eintritt
236,Pankow,Parkfest Weissensee,Volksfest im Park am Weißen See an der Großen Seestraße,,10.07.2015,12.07.2015,"Fr 16:00-22:00
Sa 11:00-23:00
So 11:00-22:00","Verein für Weißensee e. V., c/o Dirk Stettner",45 97 69 95,77 20 32 18,buergerbuero@dirk-stettner.de,,,K.A.,
238,Pankow,Kiezfest,Prenzlauer Berg / Fehrbelliner Straße,,05.09.2015,05.09.2015,16:00-22:00,Pfefferwerk Stadtkultur gGmbH,44 38 34 40,44 38 31 00,weiland@pfefferwerk.de,www.pfefferwerk.de,,K.A.,
240,Pankow,46. Fest an der Panke,"Breite Straße beidseitig, auf dem Anger und in der Ossietzkystraße",13187,12.09.2015,13.09.2015,K.A.,LAUBINGER Veranstaltungsagentur,033439/14 34 90,033439/14 34 92,info@laubinger.de,www.laubinger.de,"großes Straßenfest mit Künstlerboulevard, teilnehmenden Künstlern, Info- und Sozialmarkt, Lampionumzug, großes Bühnenprogramm",,
242,Pankow,42. Rosenthaler Herbst mit großem Festumzug,Rosenthal - Dorfaue zwischen Landhaus und Kirche,,18.09.2015,20.09.2015,K.A.,Bürgerverein Rosenthal,05171/58 95 92,033439/14 34 92,info@laubinger.de,www.laubinger.de,"traditionelles Erntedankfest mit Festumzug, Lampionumzug, Höhenfeuerwerk, Bühnenprogramm, Vereinsmeile,  www.bv-rosenthal.de",,
244,Pankow,23. Winzerfest in Pankow,Marktplatz/Breite Straße,,23.10.2015,25.10.2015,"Fr 13:00-21:00
Sa 11:00-21:00
So 11:00-19:00",PRÄSENTA GmbH,65 76 35 60,65 76 35 69,info@praesenta-berlin.de,www.praesenta-berlin.de,,K.A.,
440,Potsdam,9. Hafenfest zur Flottenparade,"Hafen Potsdam, An der Langen Brücke",,19.04.2015,19.04.2015,Beginn 11:00,Info: Weiße Flotte Potsdam GmbH,0331/275 92 10/20/30,0331/29 10 90,wf@schiffahrt-in-potsdam.de,www.schiffahrt-in-potsdam.de,,Eintritt frei,
442,Potsdam,57. Potsdamer Flottenparade,"Hafen Potsdam, An der Langen Brücke",,19.04.2015,19.04.2015,Beginn 15:00,Info: Weiße Flotte Potsdam GmbH,0331/275 92 10/20/30,0331/29 10 90,wf@schiffahrt-in-potsdam.de,www.schiffahrt-in-potsdam.de,wf@schiffahrt-in-potsdam.de,K.A.,
444,Potsdam,Ostern mit Ostermarkt,Krongut Bornstedt,14469,04.04.2015,06.04.2015,ab 11:00,"Krongut Bornstedt, Potsdam, Ribbeckstr. 6 - 7",0331/55 06 50,0331/550 65 15,,www.krongut-bornstedt.de,,"Eintritt 2 €, ermäßigt 1 €",
466,Potsdam,Maibaumfest,Krongut Bornstedt,14469,01.05.2015,01.05.2015,ab 12:00,"Krongut Bornstedt, Potsdam, Ribbeckstr. 6 - 7",0331/55 06 50,0331/550 65 15,,www.krongut-bornstedt.de,,"Eintritt 2 €, ermäßigt 1 €",
484,Potsdam,Herrentag Christi Himmelfahrt,Krongut Bornstedt,14469,14.05.2015,14.05.2015,11:00-18:00,"Krongut Bornstedt, Potsdam, Ribbeckstr. 6 - 7",0331/55 06 50,0331/550 65 15,,www.krongut-bornstedt.de,,Eintritt frei,
496,Potsdam,11. Ritterfest,"Großer Wiesenpark, Volkspark Potsdam",14469,23.05.2015,25.05.2015,10:00-20:00,"Wandertheater Cocolorus Budenzauber, Brauchtumspflege Mecklenburg-Vorpommern e. V., Dietmar Frick",039826/134 20,039826/134 24,cocolorus@t-online.de,www.cocolorus-diaboli.de,,Eintritt,
500,Potsdam,Pfingsten auf dem Krongut,Krongut Bornstedt,14469,23.05.2015,25.05.2015,ab 11:00,"Krongut Bornstedt, Potsdam, Ribbeckstr. 6 - 7",0331/55 06 50,0331/550 65 15,,www.krongut-bornstedt.de,,"Eintritt 2 €, ermäßigt 1 €",
520,Potsdam,15. Stadtwerkefest Potsdam,"Neuer Lustgarten, Breite Straße",14467,03.07.2015,05.07.2015,ab Fr 20:00,"Stadtwerke Potsdam, Steinstr. 101, 14480 Potsdam",0331/661 10 00,0331/661 10 03,info@swp-potsdam.de,www.swp-potsdam.de,,K.A.,
534,Potsdam,"11. Potsdamer Erlebnisnacht ""Potsdam mit allen Sinnen erleben!""",Innenstadt,,25.07.2015,25.07.2015,15:00-01:00,P3 Projekt GmbH,0177/279 02 86,,,www.potsdamer-erlebnisnacht.de,,Eintritt frei,
536,Potsdam,14. Potsdamer Feuerwerkersinfonie,"Großer Wiesenpark, Volkspark Potsdam",,16.07.2015,17.07.2015,Einlass ab 18:00,"ProPotsdam, Volkspark Potsdam",0331/620 67 77,0331/620 64 29,volkspark@propotsdam.de,www.volkspark-potsdam.de,,"Erwachsene 18 €, Kind 7 - 16 Jahre 10 €",
568,Potsdam,24. Töpfermarkt Potsdam,im Holländischen Viertel,,05.09.2015,06.09.2015,"Sa 10:00-19:00
So 11:00-18:00",Quartier Events,"",,QuartierEvents@gmx.de,,,K.A.,
590,Potsdam,Internationales Drachenfest,"Großer Wiesenpark, Volkspark Potsdam",,19.09.2015,20.09.2015,"13:00-18:00
","ProPotsdam, Volkspark Potsdam",0331/620 67 77,0331/620 64 29,volkspark@propotsdam.de,www.volkspark-potsdam.de,,"Eintritt Erwachsene 5 €, Kinder 7 - 16 Jahre 2,50 €, Kinder bis 6 Jahre frei, Familienticket 12 € (Eltern und deren nicht volljährige Kinder)",
608,Potsdam,10. Historisches Apfelfest im BUGA-Volkspark,"Großer Wiesenpark, Volkspark Potsdam",14469,03.10.2015,04.10.2015,10:00-22:00,"Wandertheater Cocolorus Budenzauber, Brauchtumspflege Mecklenburg-Vorpommern e. V., Dietmar Frick",Ze039826/134 20,039826/134 24,cocolorus@t-online.de,www.cocolorus-diaboli.de,,"Erwachsene 6 Euro, Kinder 7-16 Jahre 3 Euro, Kinder bis 6 Jahre frei.",Eintritt
612,Potsdam,Herbstfest,"Großer Wiesenpark, Volkspark Potsdam",,11.10.2015,11.10.2015,13:00-18:00,"ProPotsdam, Volkspark Potsdam",0331/620 67 77,0331/620 64 29,volkspark@propotsdam.de,www.volkspark-potsdam.de,,"Eintritt Erwachsene 4 €, Kinder 7 - 16 Jahre 2 €, Kinder bis 6 Jahre frei",
628,Potsdam,St. Martinsfest,"Großer Wiesenpark, Volkspark Potsdam",,11.11.2015,11.11.2015,15:00-18:00,"ProPotsdam, Volkspark Potsdam",0331/620 67 77,0331/620 64 29,volkspark@potsdam.de,www.volkspark-potsdam.de,,Parkeintritt,
246,Reinickendorf,12. Gartenlust & Kunstgenuss Frohnau - Zentrum der Gartenstadt Frohnau,Ludolfingerplatz/Zeltinger Platz u. a.,,09.05.2015,10.05.2015,11:00-18:00,"Interessengemeinschaft Frohnauer Geschäfte - IFG, Kontakt: Cornelja Hasler, Kunsthand-Berlin",40 63 70 31,401 74 40,info@kunsthand-berlin.de,www.kunsthand-berlin.de,,K.A.,
248,Reinickendorf,32. Internationaler Kulturlustgarten,Volkspark Wittenau,,14.05.2015,17.05.2015,K.A,"Catering Company GmbH, Herr Arzig","282 21 84, 0170/222 1220",28 59 81 40,cateringcompany@email.de,www.catering-company-berlin.de,Freitag Abend Höhenfeuerwerk,K.A.,
250,Reinickendorf,9. Pfingstkonzert der GESOBAU - Festwiese am Seggeluchbecken,Finsterwalder Straße Ecke Calauer Straße (Märkisches Viertel),13435,24.05.2015,24.05.2015,10:00-13:00,"GESOBAU AG, Kontakt: Petra Taraboulsi",40 73 13 36,40 73 13 28,petra.taraboulsi@gesobau.de,www.gesobau.de,,K.A.,
252,Reinickendorf,Kinder- und Familienfest,Dorfaue Alt-Wittenau,,27.06.2015,27.06.2015,13:00-17:30,"Bezirksamt Reinickendorf, Abt. Jugend, Familie und Soziales Region Nord",902 94 60 08,902 94 66 69,Jugendamt-nord@reinickendorf.berlin.de,www.berlin.de/ba-reinickendorf.de,,K.A.,
254,Reinickendorf,5. Frohnauer Oldtimer-Treffen - Zentrum der Gartenstadt Frohnau,"Zeltinger Platz, Ludolfingerplatz u. a.)",,21.06.2015,21.06.2015,12:00-18:00,"Interessengemeinschaft Frohnauer Geschäfte - IFG, Kontakt: Cornelja Hasler, Kunsthand-Berlin",40 63 70 31,401 74 40,,www.frohnau-berlin.de,,K.A.,
256,Reinickendorf,Kiezfest auf dem Gelände der Mark-Twain-Grundschule,Auguste-Viktoria-Allee 95,13403,13.06.2015,13.06.2015,14.00 – 18.00 Uhr,"Mark-Twain-Grundschule, Auguste-Viktoria-Allee 95, 13403 Berlin",41 70 95 71,413 68 30,schulleitung@vainmail.de,http://www.twainweb.de,,K.A.,Uhrzeit
258,Reinickendorf,21. Fête de la Musique,,,21.06.2015,21.06.2015,,"Fête Company, Wallstr. 15a, 10179 Berlin","",,hallo@fetedelamusique.de,www.fetedelamusique.de,Veranstaltungsorte und Uhrzeiten: siehe gesondertes Verzeichnis,Eintritt frei,Eintritt
260,Reinickendorf,6. Tegeler Hafenfest,Greenwichpromenade,13507,16.07.2015,19.07.2015,ab Do 15:00,"Catering Company GmbH, Herr Arzig","282 21 84, 0170/222 1220",28 59 81 40,cateringcompany@email.de,www.catering-company-berlin.de,Freitag Abend Höhenfeuerwerk,Eintitt frei,Eintritt
262,Reinickendorf,4. Schlagerolymp,"Freizeit & Erholungspark Lübars, Quickborner Straße/Alte Fasanerie",,15.08.2015,15.08.2015,"14:00-24:00
Einlass ab 12:00","Catering Company GmbH, Herr Arzig","282 21 84, 0170/222 1220",28 59 81 40,cateringcompany@email.de,www.catering-company-berlin.de,www.schlagerolymp.de,"24,90 €",Eintitt
264,Reinickendorf,"5. Pyrotalia 2015 (Feuerwerksshow), Strandbad Lübars",Am Freibad 9,,22.08.2015,22.08.2015,ab 18:00,"Catering Company GmbH, Herr Arzig","282 21 84, 0170/222 1220",28 59 81 40,cateringcompany@email.de,www.catering-company-berlin.de,,ab 15 €,Uhrzeit Eintritt
266,Reinickendorf,Konzert mit Bernhard Brink & Band,Strandbad Lübars,,28.08.2015,28.08.2015,ab 20:00,"Catering Company GmbH, Herr Arzig","282 21 84, 0170/222 1220",28 59 81 40,cateringcompany@email.de,www.catering-company-berlin.de,,ab 30 €,Uhrzeit Eintritt
268,Reinickendorf,113. Freie Scholle,Waidmannsluster Damm,,21.08.2015,06.09.2015,"täglich ab 15:00
Sa, So ab 14:00",Schaustellerverband Berlin e. V.,213 32 90 und 0172/300 6873,213 40 34,info@svbev.de,www.schaustellerverband-berlin.de,mittwochs halbe Preise auf alle Karussells und Bahnen,K.A.,
270,Reinickendorf,7. Kinderwiesenfest der GESOBAU - Festwiese am Seggeluchbecken,Finsterwalder Straße Ecke Calauer Straße (Märkisches Viertel),13435,04.07.2015,04.07.2015,13:00-19:00,"GESOBAU AG, Kontakt: Petra Taraboulsi","40 73 13 36, 40 7",40 73 13 28,petra.taraboulsi@gesobau.de,www.gesobau.de,,K.A.,
272,Reinickendorf,Rock meets Classic,Standbad Lübars,,29.08.2015,29.08.2015,ab 19:00,"Catering Company GmbH, Herr Arzig","282 21 84, 0170/222 1220",28 59 81 40,cateringcompany@email.de,www.catering-company-berlin.de,,27 Euro,Uhrzeit Eintritt
274,Reinickendorf,11. Kiezfest am Schäfersee,vor dem Haus am See,,08.05.2015,08.05.2015,15:00-19:00,"Bezirksamt Reinickendorf von Berlin, Jugendamt Region Reinickendorf Ost",902 94 60 79,,jugendamt-ost@reinickendorf.berlin.de,,,K.A.,
276,Reinickendorf,13. KUNST trifft HANDWERK Frohnau - Zentrum der Gartenstadt Frohnau,"Ludolfingerplatz, Zeltinger Platz u. a.",,12.09.2015,13.09.2015,11:00-18:00,"Interessengemeinschaft Frohnauer Geschäfte - IFG, Kontakt: Cornelja Hasler, Kunsthand-Berlin",40 63 70 31,401 74 40,info@kunsthand-berlin.de,www.kunsthand-berlin.de,,Eintritt frei,
482,Schildow,Viking Games Berlin - 9. Wikingerfest am Kiessee und Vikingmusic - Openair,Schildow,16552,29.05.2015,31.05.2015,K.A.,"Wandertheater Cocolorus Budenzauber, Brauchtumspflege Mecklenburg-Vorpommern e. V., Dietmar Frick",039826/134 20,039826/134 24,cocolorus@t-online.de,www.cocolorus-diaboli.de,"er Eintritt gilt für das ganze Wochenende. Freitag Eintritt frei! (Abendkonzert mit dem Henri Stabel Quartett, Cocolorus Diaboli und Feuershow Araga Mysteria)"," Erwachsene 7 Euro, Kinder (6-14 Jahre) 3 Euro",Eintitt
434,Schönwalde-Glien,Havelländer Familientag,"MAFZ Erlebnispark Paaren im Glien, Gartenstr. 1, Schönwalde-Glien",14621,18.04.2015,18.04.2015,ab 12:00,"MAFZ Märkische Ausstellungs- und Freizeitzentrum GmbH, Paaren",033230/74 - 0,,,www.mafz.de,,K.A.,
436,Schönwalde-Glien,Havelländer Liedermarkt,"MAFZ Erlebnispark Paaren im Glien, Gartenstr. 1",14621,28.03.2015,29.03.2015,ab 10:00,"MAFZ Märkische Ausstellungs- und Freizeitzentrum GmbH, Paaren",033230/74 - 0,,,www.fruehling.mafz.de,,K.A.,
550,Schönwalde-Glien,Brandenburger Pferdesommer,"MAFZ - Erlebnispark Paaren im Glien, Gartenstr. 1",14621,22.08.2015,23.08.2015,ab 10:00,"MAFZ Märkische Ausstellungs- und Freizeitzentrum GmbH, Paaren",033230/74 - 0,,,www.pferdesommer.mafz.de,,K.A.,
574,Schönwalde-Glien,Brandenburger Erntefest & Kreiserntefest des Havellandes,"MAFZ - Erlebnispark Paaren im Glien, Gartenstr. 1",14621,12.09.2015,12.09.2015,ab 10:00,"Gemeinde Schönwalde-Glien Der Bürgermeister, Schönwalde-Siedlung, Berliner Allee 7, 14621 Schönwalde-Glien",03322/24 84 10,033 22/24 84 40,hauptamt@gemeinde-schoenwalde-glien.de,www.gemeinde-schoenwalde-glien.de,,K.A.,
580,Schönwalde-Glien,Brandenburger Dorf- und Erntefest,Dorfkern Paaren im Glien,14621,12.09.2015,12.09.2015,K.A.,Gemeinde Schönwalde-Glien,,,,www.schoenwalde-glien.de,,K.A.,Eintitt
596,Schönwalde-Glien,PYRO-World-Championat,"MAFZ Erlebnispark Paaren im Glien, Gartenstr. 1",14621,26.09.2015,26.09.2015,ab 16:00,"Pyro Light UG, Kurfürstendamm 124, 10711 Berlin",68 40 88 80,,,www.pyro-championat.de,,"tehplätze: 
Erwachsener ab 16 Jahre = 13,90 € 
Kinder bis zum vollendeten 
6. Lebensjahr sind kostenfrei. 
Kinder ab 7 Jahre = je 9,00 €
Sitz- und Tribünenplätze - VIP 
VIP - Sitzplatz je Person inkl. Catering (überdachter Sitzplatz, warm/kaltes Buffet sowie alkoholische (Bier, Wein, Prosecco) und nicht alkoholische Getränke = 48,50€ 
VIP - Sitzplatz Kinder inkl. Catering wie vor = 29,50€
DAS BESONDERE TICKET - MITTEN DRIN und NAH DABEI TICKET, 
Geführte Besichtigung von 30 Minuten im Sicherheitssperrbereich können Sie den 
Pyrotechnikern bei der Arbeit über die Schulter schauen. 
Kleine Gruppen geführt durch einen erfahrenen Pyrotechniker: 
pro Person à 20,00 € zzgl. zum Eintrittspreis",
598,Schönwalde-Glien,Tag der Regionen mit Havelländer Kartoffelmarkt & Arche-Haustierparkfest,"MAFZ Erlebnispark Paaren im Glien, Gartenstr. 1",14621,26.09.2015,27.09.2015,ab 10:00,"MAFZ Märkische Ausstellungs- und Freizeitzentrum GmbH, Paaren",033230/74 - 0,,,www.herbst.mafz.de,,K.A.,
620,Schönwalde-Glien,Brandenburger Schlachtefest,Dorfkern Paaren im Glien,14621,24.10.2015,25.10.2015,ab 10:00,"Pro agro - Verband zur Förderung des ländlichen Raumes im Land Brandenburg e. V., Dorfstr. 10, 14513 Teltow-Ruhlsdorf",03328/33 76 70,,,www.proagro.de,,K.A.,
504,Schwante,Deutscher Mühlentag Schwante,Oberkrämer,16727,25.05.2015,25.05.2015,,Info: Touristinformation Kremmen,033055/211 61,,TIP@Kremmen.de,,,K.A.,
538,Schwielowsee,13. Fährfest,rund um das Caputher Gemünde (Schwielowsee),,01.08.2015,01.08.2015,Beginn 14:00,Gemeinde Schwielowsee,033209/769 29,,,www.schwielowsee.de,,K.A.,
278,Spandau,FSV - FrühlingsSparVolksfest,an der Zitadelle Spandau,,13.03.2015,29.03.2015,"Mo-Do 14:00-22:00
Fr, Sa 14:00-22:00
So 12:00-22:00",Schaustellerbetrieb Thilo-Harry Wollenschlaeger,0163/400 05 00,03322/423 41 39,info@wollenschlaeger-berlin.de,www.Wollenschlaeger-Berlin.de,,K.A.,
280,Spandau,2. KUNSTHANDWERKLICHER OSTERMARKT ZITADELLE,"Renaissance-Festung Zitadelle Spandau, Am Juliusturm 64",23599,28.03.2015,29.03.2015,11:00-18:00,"Cornelja Hasler, KUNSTHAND-BERLIN; 40 63 70 31, 401 74 40",40 63 70 31,401 74 40,info@kunsthand-berlin.de,www.kunsthand-berlin.de,,"Eintritt 3 €, Kinder ab Jg. 2001 frei",
282,Spandau,9. Oster-Ritter-Spectaculum auf der Zitadelle Spandau & 20 Jahre Carnica,Zitadelle Innenhof,13599,04.04.2015,06.04.2015,10:00-20:00,Carnica Historische Märkte & Feste,0171/515 32 70,033602/29 64,post@carnica.de,www.carnica-spectaculi.de," Eintritt enthält Besuch der Museen, des Turms und der Ausstellungen","Eintritt Erwachsene 11 € (3-Tageskarte 16 €), Schüler, Studenten, Gewandete 9 € (14 €), Kinder 6 - 16 Jahre 5 € (9 €), Kinder bis 5 Jahre frei, Familie 25 € (2 Erwachsene mit eigenen Kindern bis 16 Jahre) (30 €),",
284,Spandau,7. Brandenburg-Tag,Spandau - Marktplatz,,25.04.2015,25.04.2015,11:00-18:00,Partner für Spandau - Gesellschaft für Bezirksmarketing mbH,36 75 72 61,35 30 23 32,info@partner-fuer-spandau.de,www.partner-fuer-spandau.de,,K.A.,
286,Spandau,23. Museumskinderfest auf der Zitadelle,Zitadelle Spandau,,23.05.2015,23.05.2015,14:00-18:00,Stadtgeschichtliches Museum,354 944 297,354 944 296,info@zitadelle-berlin.de,www.zitadelle-spandau.de,,Eintritt frei,
288,Spandau,7. Usedom-Tag + KinderWasserFest (gemeinsam mit dem BA Spandau),Spandau - Marktplatz,,09.05.2015,09.05.2015,11:00-18:00,Partner für Spandau - Gesellschaft für Bezirksmarketing mbH,36 75 72 61,35 30 23 32,info@partner-fuer-spandau.de,www.partner-fuer-spandau.de,,K.A.,
290,Spandau,"Zitadellentag (Tag der ""Offenen Tür"")",Zitadelle Spandau,,17.05.2015,17.05.2015,10:00-17:00,Stadtgeschichtliches Museum,354 944 297,354 944 297,info@zitadelle-berlin.de,www.zitadelle-spandau.de,,Eintritt frei,Eintritt
292,Spandau,65. Staakener Kinder- und Volksfest,"Gartenstadt Staaken, Festplatz Staaken am Ungewitterweg",,13.05.2015,17.05.2015,"Mi 15:00-23:00
Do 12:00-23:00
Fr 15:00-23:00
Sa 15:00-23:00
So 10:00-22:00",Unterstützungsverein Gartenstadt Staaken,366 10 72,"36 70 62 29,",info@gartenstadt-staaken.de,www.gartenstadt-staaken.de,i. Z. m. Thilo-Harry Wollenschlaeger,Eintritt frei,
294,Spandau,21. Spandauer Havelfest,Spandau - Lindenufer,,12.06.2015,14.06.2015,"Fr 18:00-24:00
Sa 11:00-24:00
So 11:00-20:00",Partner für Spandau - Gesellschaft für Bezirksmarketing mbH,36 75 72 61,35 30 23 32,info@partner-fuer-spandau.de,www.partner-fuer-spandau.de,,Eintritt frei,Eintritt
296,Spandau,"Spandauer Pfingstkonzert in der Wilhelmstadt
Pfingstfest an der Scharfen Lanke",Scharfe Lanke/Spandau-Wilhelmstadt,,23.05.2015,25.05.2015,"Sa 18:00-23:00
So 09:00-20:00
Mo 11:00-18:00",Partner für Spandau - Gesellschaft für Bezirksmarketing mbH,36 75 72 61,35 30 23 32,info@partner-fuer-spandau.de,www.partner-fuer-spandau.de,,K.A.,
298,Spandau,7. Run of Spirit im Evangelischen Johannesstift,Schönwalder Allee 26,13587,25.05.2015,25.05.2015,,Evangelisches Johannesstift,33 60 90,,info@evangelisches-johannesstift.de,www.evangelisches-johannesstift.de,,,
300,Spandau,Spandauer Kunstbörse,"Altstadt Spandau, Markt",,18.07.2015,18.07.2015,12:00-19:00,"Bezirksamt Spandau von Berlin, Abt. Jugend, Bildung, Kultur und Sport, Durchführung & Koordination: Sozial-kulturelle Netzwerke casa e. V.",382 52 81,,kontakt@casa-ev.de,www.casa-ev.de,,K.A.,
302,Spandau,Modellflugtage und 10. Kladower Radfestival,Militärhistorisches Museum Flugplatz Berlin-Gatow,14089,13.06.2015,14.06.2015,10:00-18:00,Militärhistorisches Museum Flugplatz Berlin-Gatow,36 87 26 01,,,www.mhm-gatow.de,"Anfahrt und Einlass über ""Am Flugplatz Gatow"" (Museumseingang)",Eintritt frei,
304,Spandau,21. Fête de la Musique,,,21.06.2015,21.06.2015,,"Fête Company, Wallstr. 15a, 10179 Berlin",,,hallo@fetedelamusique.de,www.fetedelamusique.de,Veranstaltungsorte und Uhrzeiten: siehe gesondertes Verzeichnis,Eintitt frei,Eintritt
306,Spandau,Jazz am Hafen,Kladower Hafen / Imchenallee,,03.07.2015,05.07.2015,"Fr 17:00-24:00
Sa 11:00-24:00
So 11:00-19:00",Partner für Spandau - Gesellschaft für Bezirksmarketing mbH,36 75 72 61,35 30 23 32,info@partner-fuer-spandau.de,www.partner-fuer-spandau.de,,K.A.,
308,Spandau,33. Bayern-Tag in der Spandauer Altstadt,Spandau - Marktplatz,,01.08.2015,01.08.2015,11:00-18:00,Partner für Spandau - Gesellschaft für Bezirksmarketing mbH,36 75 72 62,35 30 23 32,info@partner-fuer-spandau.de,www.partner-fuer-spandau.de,,K.A.,
310,Spandau,16. Spandauer Altstadtfest & WeinSommer,Rathausvorplatz und Altstadt Spandau,,27.08.2015,30.08.2015,"Do 15:00-23:00
Fr 11:00-24:00
Sa 11:00-24:00
So 11:00-20:00",Partner für Spandau - Gesellschaft für Bezirksmarketing mbH,36 75 72 61,35 30 23 32,info@partner-fuer-spandau.de,www.partner-fuer-spandau.de,www.weinsommer.de,K.A.,
312,Spandau,Flugplatzfest und Tag der Reservisten in Berlin,Militärhistorisches Museum Flugplatz Berlin-Gatow,14089,05.09.2015,06.09.2015,10:00-18:00,Militärhistorisches Museum Flugplatz Berlin-Gatow,36 87 26 01,,,www.mhm-gatow.de," Anfahrt und Einlass über ""Am Flugplatz Gatow"" (Museumseingang)",Eintritt frei,
314,Spandau,34. Burgfest auf der Zitadelle,Zitadelle Spandau,,12.09.2015,13.09.2015,"Sa 11:00-23:00
So 11:00-20:00",Arbeitsgemeinschaft Altstadt Spandau e. V.,333 83 77,333 70 41,jahn@ag-altstadt-spandau.de,www.ag-altstadt-spandau.de,,"Erwachsene 9 €, Kinder 5 bis 14 Jahre 3 €",Eintritt
316,Spandau,Erntedankfest im Evangelischen Johannesstift,Schönwalder Allee 26,13587,27.09.2015,27.09.2015,11:00-19:00,Evangelisches Johannesstift,33 60 90,,info@evangelisches-johannesstift.de,www.evangelisches-johannesstift.de,,K.A.,
318,Spandau,Lichterfest - 1000 Sterne über Spandau,Zitadelle Spandau,,03.10.2015,03.10.2015,17:00-23:00,Arbeitsgemeinschaft Altstadt Spandau e. V.,333 83 77,333 70 41,jahn@ag-altstadt-spandau.de,,,K.A.,
320,Spandau,Oktoberfest Spandau,,,09.10.2015,24.10.2015,15:00 - 24:00,Schaustellerbetrieb Thilo-Harry Wollenschlaeger,0163/400 05 00,03322/423 41 39,info@wollenschlaeger-berlin.de,www.wollenschlaeger-berlin.de,,K.A.,Uhrzeit
322,Spandau,Silvesterparty in der Zitadelle,Zitadelle Spandau,,31.12.2015,31.12.2015,ab 19:00,Arbeitsgemeinschaft Altstadt Spandau e. V.,333 83 77,333 70 41,jahn@ag-altstadt-spandau.de,www.ag-altstadt-spandau.de,,"Erwachsene 12,00 € , Kinder bis 2 – 14 Jahre 3,00 €",Eintritt
324,Steglitz-Zehlendorf,Frühlingsfest auf der Domäne Dahlem,Königin-Luise-Str. 49,,28.03.2015,29.03.2015,10:00-18:00,Domäne Dahlem Veranstaltungsgesellschaft mbH,66 63 00 - 0,66 63 00 20,kontakt@domaene-dahlem.de,www.domaene-dahlem.de,"Zugrindervorführung 15:00-16:30,","Eintritt 2 €, ermäßigt 1 €, Kinder bis 16 Jahre frei",
326,Steglitz-Zehlendorf,Ostermarkt auf dem Ferdinandmarkt,Ferdinandstr. 34/35,,22.03.2015,22.03.2015,11:00-18:00,Thomas Degenhardt,824 20 45,824 20 47,info@gv-degenhardt.de,www.gv-degenhardt.de,,K.A.,
328,Steglitz-Zehlendorf,13. Berliner Bratwurstmeisterschaft auf der Domäne Dahlem,Königin-Luise-Str. 49,,19.04.2015,19.04.2015,10:00-18:00,Domäne Dahlem Veranstaltungsgesellschaft mbH,66 63 00 - 0,66 63 00 20,kontakt@domaene-dahlem.de,www.domaene-dahlem.de,,"Eintritt 2 €, ermäßigt 1 €, Kinder bis 16 Jahre frei",
330,Steglitz-Zehlendorf,Künstlerstation am Bahnhof Mexikoplatz (Jahrmarkt),Bahnhof Mexikoplatz,,29.03.2015,29.03.2015,11:00-19:00,Frau Ramona Martin,802 87 79,,,,,K.A.,
332,Steglitz-Zehlendorf,Kleiner Historischer Jahrmarkt auf der Domäne Dahlem,Königin-Luise-Str. 49,,25.04.2015,26.04.2015,11:00-19:00,Domäne Dahlem Veranstaltungsgesellschaft mbH,66 63 00 - 0,66 63 00 20,kontakt@domaene-dahlem.de,www.domaene-dahlem.de,,"Eintritt 2 €, ermäßigt 1 €, Kinder bis 16 Jahre frei",
334,Steglitz-Zehlendorf,Ruff uff'n Rummel! Auf der Domäne Dahlem,Königin-Luise-Str. 49,,01.05.2015,03.05.2015,11:00-19:00,Domäne Dahlem Veranstaltungsgesellschaft mbH,66 63 00 - 0,66 63 00 20,kontakt@domaene-dahlem.de,www.domaene-dahlem.de,,"Eintritt 2 €, ermäßigt 1 €, Kinder bis 16 Jahre frei",Uhrzeit
336,Steglitz-Zehlendorf,"Museumsfest ""40""","Museumsdorf Düppel, Clauertstr. 11",14163,17.05.2015,17.05.2015,10:00-17:00,Museumsdorf Düppel,802 66 71,,info@dueppel.de,www.dueppel.de,,Eintritt frei,
338,Steglitz-Zehlendorf,63. Steglitzer Woche,"Festpark am Teltowkanal, Bäkepark",,22.05.2015,07.06.2015,"Mo-Do 15:00-22:00
Fr 15:00-23:00
Sa 14:00-23:00
So 14:00-22:00","Schaustellerverband Berlin e. V.,
213 32 90, 213 40 34",213 32 90,213 40 34,info@svbev.de,www.schaustellerverband-berlin.de,"mittwochs halbe Preise auf alle Karussells und Bahnen, ",Eintritt frei,Eintritt
340,Steglitz-Zehlendorf,Ritterfest,"Museumsdorf Düppel, Clauertstr. 11",14163,23.05.2015,25.05.2015,10:00-17:00,Museumsdorf Düppel,802 66 71,,info@dueppel.de,www.dueppel.de,,"Eintritt 5 €, ermäßigt 2,50 €",
342,Steglitz-Zehlendorf,Interkulturelle Infobörse - mit kulturellem Rahmenprogramm,"Rathaus Zehlendorf, Bürgersaal, Teltower Damm 18, 14163 Berlin (Zehlendorf-Mitte)",14163,02.06.2015,02.06.2015,15:00-20:00,"Bezirksamt Steglitz-Zehlendorf, Büro des Bezirksbürgermeisters, Beauftragte für Integration & Migration",,,,http://www.berlin.de/ba-steglitz-zehlendorf/verwaltung/integration/index.html,,K.A.,
344,Steglitz-Zehlendorf,21. Fête de la Musique,,,21.06.2015,21.06.2015,,"Fête Company, Wallstr. 15a, 10179 Berlin",,,hallo@fetedelamusique.de,wwww.fetedelamusique.de,Veranstaltungsorte und Uhrzeiten: siehe gesondertes Verzeichnis,Eintritt frei,Eintritt
346,Steglitz-Zehlendorf,Brandenburger Spezialitätenmarkt - Regional und Bio auf der Domäne Dahlem,Königin-Luise-Str. 49,,22.08.2015,23.08.2015,10:00-18:00,Domäne Dahlem Veranstaltungsgesellschaft mbH,66 63 00 - 0,66 63 00 20,kontakt@domaene-dahlem.de,www.domaene-dahlem.de,,"Eintritt 2 €, ermäßigt 1 €, Kinder bis 16 Jahre frei",
348,Steglitz-Zehlendorf,AWO Sommerfest,"Museumsdorf Düppel, Clauertstr. 11",14163,30.08.2015,30.08.2015,10:00-17:00,Museumsdorf Düppel,802 66 71,,info@dueppel.de,www.dueppel.de,,"Eintritt 3 €, ermäßigt 1,50 €",
350,Steglitz-Zehlendorf,Mittelalterlicher Markt und Spectaculum mit Ritterturnier Kramer Zunft und Kurtzweyl auf der Domäne Dahlem,Königin-Luise-Str. 49,,05.09.2015,06.09.2015,11:00-19:00,Domäne Dahlem Veranstaltungsgesellschaft mbH,66 63 00 - 0,66 63 00 20,kontakt@domaene-dahlem.de,www.domaene-dahlem.de,,"Eintritt 5 €, ermäßigt 3 €, Kinder unter Schwertmaß frei",
352,Steglitz-Zehlendorf,Kartoffelfest auf der Domäne Dahlem,Königin-Luise-Str. 49,,19.09.2015,20.09.2015,10:00-19:00,Domäne Dahlem Veranstaltungsgesellschaft mbH,66 63 00 - 0,66 63 00 20,kontakt@domaene-dahlem.de,www.domaene-dahlem.de,,"Eintritt 2 €, ermäßigt 1 €, Kinder bis 16 Jahre frei",
354,Steglitz-Zehlendorf,Künstlerstation am Bahnhof Mexikoplatz (Jahrmarkt),Bahnhof Mexikoplatz,,13.09.2015,13.09.2015,11:00-19:00,Frau Ramona Martin,802 87 79,,,,,K.A.,
356,Steglitz-Zehlendorf,Erntefest auf der Domäne Dahlem,Königin-Luise-Str. 49,,10.10.2015,11.10.2015,10:00-18:00,Domäne Dahlem Veranstaltungsgesellschaft mbH,66 63 00 - 0,66 63 00 20,kontakt@domaene-dahlem.de,www.domaene-dahlem.de,,"Eintritt 2 €, ermäßigt 1 €, Kinder bis 16 Jahre frei",
358,Steglitz-Zehlendorf,27. Berliner Textilhandwerksmarkt mit Sankt-Martin-Laternenumzug auf der Domäne Dahlem,Königin-Luise-Str. 49,,07.11.2015,08.11.2015,10:00-18:00,Domäne Dahlem Veranstaltungsgesellschaft mbH,66 63 00 - 0,66 63 00 20,kontakt@domaene-dahlem.de,www.domaene-dahlem.de,"Umzug jeweils ca. 17:30, ","Eintritt 2 €, ermäßigt 1 €, Kinder bis 16 Jahre frei",
512,Stolzenhagen,7. Stolzenhagener Drachenbootrennen,,,06.06.2015,06.06.2015,Beginn: 10:00,"Stadt Stolzenhagen, Organisation: Wassersportzentrum Oranienburg",03301/53 95 90,03301/53 95 91,info@wassersportzentrum-oranienburg.de,www.wassersportzentrum-oranienburg.de,,K.A.,
544,Storkow,"6. Gaukler-Burgfest auf der Burg - Historischer Gauklermarkt, Gaukler-Musik, Gaukler-Märchen & Gaukler-Feuer-Show",Burg Storkow,15859,15.08.2015,16.08.2015,"Sa 10:00-23:00
So 10:00-19:00",Carnica Historische Feste & Märkte,0171/515 32 70,033602/29 64,post@carnica.de,www.carnica-spectaculi.de,,"Eintritt Erwachsene 6 €, Kinder bis 5 Jahre frei, Kinder 6 - 16 Jahre 4 €, Schüler, Studenten 5 €, Familie 15 € (2 Erwachsene mit eigenen Kindern bis 16 Jahre)",Eintritt
452,Teltow,Osterfeuer in Ruhlsdorf,"Festwiese am Röthepfuhl, Teltow, Ortsteil Ruhlsdorf",,05.04.2015,05.04.2015,18:00-22:00,"Heimatfreunde Teltow e. V. & Stadt Teltow, Jörg-Peter Mehlhose",Tel.:03328/44 47 03,,info@heimatfreunderuhlsdorf.de,www.heimatfreunde-ruhlsdorf.de,,Eintritt frei,Eintritt
458,Teltow,Japanisches Kirschblütenfest - Hanami,"Entlang des Berliner Mauerwegs bei Teltow/Berlin-Lichterfelde, Lichterfelder Allee/Marienfelder Anger/Sigridshorst",,26.04.2015,26.04.2015,13:00-18:00,"Stadt Teltow, Michael Belkner",03328/478 12 40,,m.belkner@teltow.de,Carola.fanter@t-online.de,,K.A.,
462,Teltow,Maibaum & Tanz in den Mai,Marktplatz Teltow,,02.05.2015,02.05.2015,10:00,"Lokale Agenda 21 der Stadt Teltow und Stadtverwaltung Teltow, Cornelia Neumann",03328/478 12 41,,c.neumann@teltow.de,www.teltow.de,,K.A.,
526,Teltow,Festumzug: Feierlicher Jubiläumszug durch Teltow,Im Stadtgebiet,,12.07.2015,12.07.2015,K.A.,"Lokale Agenda 21 der Stadt Teltow und Stadtverwaltung Teltow, Cornelia Neumann",03328/478 12 41,,c.neumann@teltow.de,www.teltow.de,,K.A.,
528,Teltow,Fest: Gemeinsam feiern im Mattausch-Park,Mattausch-Park,,12.07.2015,12.07.2015,ab 10:00,"Lokale Agenda 21 der Stadt Teltow und Stadtverwaltung Teltow, Cornelia Neumann",03328/478 12 41,,c.neumann@teltow.de,www.teltow.de,,K.A.,Uhrzeit
562,Teltow,"""Tag der Offenen Höfe""",Teltower Altstadt,,30.08.2015,30.08.2015,12:00-18:00,"Lokale Agenda 21 der Stadt Teltow und Stadtverwaltung Teltow, Cornelia Neumann",03328/478 12 41,,c.neumann@teltow.de,www.teltow.de,,K.A.,
564,Teltow,7. Ritterfest in Teltow,,14513,05.09.2015,06.09.2015,"Sa 10:00-22:00
So 10:00-19:00",Carnica Historische Feste & Märkte,0171/515 32 70,033602/29 64,post@carnica.de,www.carnica-spectaculi.de,,"Eintritt Erwachsene 6 €, Kinder bis 5 Jahre frei, Kinder 6 - 16 Jahre 4 €, Schüler, Studenten, gewandete Gäste 5 € , Familie 15 € (2 Erwachsene mit eigenen Kindern bis 16 Jahre)",
566,Teltow,Irischer Abend,Marktplatz Teltow,,11.09.2015,11.09.2015,19:00,"Stadtverwaltung Teltow, Cornelia Neumann",03328/478 12 41,,c.neumann@teltow.de,www.teltow.de,,K.A.,
600,Teltow,Rübchenfest,"Am Röthepfuhl, Teltow, Ortsteil Ruhlsdorf",,27.09.2015,27.09.2015,12:00-19:00,"Förderverein für das Teltower Rübchen e. V., Sören Kosanke (Vorsitzender)",03328/33 73 07,,post@soeren-kosanke.de,www.teltowerruebchen.de,,K.A.,
606,Teltow,Teltower Stadtfest,"Gewerbepark Techno Terrain Teltow, Rheinstraße",,01.10.2015,04.10.2015,"Fr 16:00-24:00
Sa 12:00-24:00
So 12:00-22:00","Stadt Teltow, Michael Belkner",03328/478 12 40,,m.belkner@teltow.de,www.teltow.de,,K.A.,
614,Teltow,Ruhlsdorfer Oktoberfest,"Teltow, Ortsteil Ruhlsdorf",,16.10.2015,18.10.2015,ab Fr: 19:00,"Heimatfreunde Ruhlsdorf e. V. & Stadt Teltow, Jörg-Peter Mehlhose",03328/478 12 40,,info@heimatfreunderuhlsdorf.de,www.heimatfreunde-ruhlsdorf.de,,K.A.,Uhrzeit
360,Tempelhof-Schöneberg,19. Osterfest Hauptstraße,In Berlin-Schöneberg zwischen Kaiser-Wilhelm-Platz und Dominicusstraße,,04.04.2015,06.04.2015,"Sa.-So. 10-22 Uhr, Mo. 10-20 Uhr",Nareyka Event GmbH,229 04 86/87,229 25 00,info@nareyka.de,www.nareyka.de,,K.A.,Uhrzeit
362,Tempelhof-Schöneberg,Frühlingsfest im Kärntener-Kiez,"Kärntener Straße, Berlin-Schöneberg",,25.04.2015,25.04.2015,11:00-16:00,Kontakt: Fabian Lenzen,781 51 02,,,,,K.A.,
364,Tempelhof-Schöneberg,42. Frühlingsfest Rheinstraße,in Berlin-Schöneberg zwischen Walther-Schreiber-Platz und Kaisereiche,,09.05.2015,10.05.2015,Sa: 10:00 - 22:00 So: 12:00 - 22:00,Nareyka Event GmbH,229 04 86/87,229 25 00,info@nareyka.de,www.nareyka.de,,K.A.,Uhrzeit
366,Tempelhof-Schöneberg,Schöneberger Mai & Spargelfest,Am Rathaus Schöneberg im Rudolph-Wilde-Park,,09.05.2015,10.05.2015,"Sa 11:00-21:00
So 10:00-20:00","MS-Event-Agentur, Frau Sieg-Heuke",0173/237 88 55,,sieg@ms-event-agentur.com,www.MS-Event-Agentur.com,im Auftrag der Bezirksbürgermeisterin A. Schöttler von Tempelhof-Schöneberg,K.A.,
368,Tempelhof-Schöneberg,Kunst trifft Wein - 6. Lichtenrader Maientanz,"am Dorfteich, Alt-Lichtenrade",12309,01.05.2015,03.05.2015,"Fr 16:00-22:00
Sa 12:00-23:00
So 12:00-20:00",Family & Friends e. V. ,3055521,305 55 21,weinfest@family-and-friends-eV.de,www.family-and-friends-eV.de,,K.A.,
370,Tempelhof-Schöneberg,Primavera = Frühling auf der Akazienstraße,"Akazienstraße, Belziger Straße, Berlin-Schöneberg",,02.05.2015,03.05.2015,"Sa 11:00-21:00
So 10:00-20:00","MS-Event-Agentur, Frau Sieg-Heuke",0173/237 88 55,,sieg@ms-event-agentur.com,www.MS-Event-Agentur.com,unter der Schirmherrschaft des Stadtrates Oliver Schworck,K.A.,
372,Tempelhof-Schöneberg,7. CrelleChorfest - Die Crellestraße gibt den Ton an - Gesang in allen Tonlagen,"Crellestraße, Schöneberg",,06.06.2015,06.06.2015,13:00-19:00,Netzwerk Crelle-Kiez.de,78 71 64 73,,info@crelleton.de,www.crelleton.de,,K.A.,
374,Tempelhof-Schöneberg,23. Lesbisch-schwules Stadtfest Berlin,Motzstraße/Eisenacher Straße/Fuggerstraße/Kalckreuthstraße/Nollendorfplatz,,20.06.2015,21.06.2015,ab 11:00,Regenbogenfonds e. V.,21 47 35 86,21 47 35 88,info@regenbogenfonds.de,www.regenbogenfonds.de,,Eintritt frei,Eintritt
376,Tempelhof-Schöneberg,21. Fête de la Musique,,,21.06.2015,21.06.2015,,"Fête Company, Wallstr. 15a, 10179 Berlin","",,hallo@fetedelamusique.de,www.fetedelamusique.de,Veranstaltungsorte und Uhrzeiten: siehe gesondertes Verzeichnis,Eintritt frei,Eintritt
378,Tempelhof-Schöneberg,TSV Sommer - Sportfest auf dem Gelände der Feuerwache - 125-jähriges Jubiläum,"Vereinsgelände ""Alte Feuerwache"", Alt-Marienfelde 36",,27.06.2015,27.06.2015,14:00-20:00,TSV Marienfelde 1890 e. V.,722 45 46,74 30 59 65,sport@tsv-marienfelde.de,www.tsv-marienfelde.de,,K.A.,
380,Tempelhof-Schöneberg,32. Rocktreff & Spielfest,Volkspark Mariendorf,,10.07.2015,12.07.2015,12:00 - 18:00,"Catering Company GmbH, Herr Arzig","282 21 84, 0170/222 12 20",28 59 81 40,cateringcompany@email.de,www.catering-company-berlin.de,,Eintritt frei,"Uhrzeit, Eitnritt"
382,Tempelhof-Schöneberg,43. Jazzfest Rheinstraße!,in Berlin-Schöneberg zwischen Walther-Schreiber-Platz und Kaisereiche,,04.07.2015,05.07.2015,"Sa 10:00-22:00
So 10:00-20:00",Nareyka Event GmbH,229 04 86/87,229 25 00,info@nareyka.de,www.nareyka.de,,K.A.,
384,Tempelhof-Schöneberg,16. Cöpenicker Whisky-Herbst,"Malzfabrik Tempelhof, Bessemerstr. 2 - 14",12103,04.09.2015,05.09.2015,"Fr 15:00-22:00
Sa 12:00-22:00",Cöpenicker Whiskyherbst GbR,784 50 10,,whiskyherbst@aol.com,www.whisky-herbst.de,,Eintritt 10 €,
386,Tempelhof-Schöneberg,28. Wein- und Winzerfest - Wein trifft Kunst,"das Original am Dorfteich, Alt-Lichtenrade",12309,11.09.2015,13.09.2015,"Fr 16:00-22:00
Sa 12:00-23:00
So 12:00-20:00",Family & Friends e. V.,305 55 21,305 55 21,weinfest@family-and-friends-eV.de,www.family-and-friends-eV.de,,K.A.,
388,Tempelhof-Schöneberg,19. Traditionelles Hauptstraßenfest,Berlin-Schöneberg zwischen Kaiser-Wilhelm-Platz und Dominicusstraße,,14.05.2015,17.05.2015,"Sa.-So. 10-22 Uhr, Mo. 10-20 Uhr",Nareyka Event GmbH,229 04 86/87,229 25 00,info@nareyka.de,www.nareyka.de,,Eintritt frei,Uhrezeit Eintritt
390,Tempelhof-Schöneberg,16. Schöneberger Kürbisfest,"Akazienstraße, Belziger Straße, Berlin-Schöneberg",,03.10.2015,04.10.2015,"Sa 11:00-21:00
So 10:00-20:00","MS-Event-Agentur, Frau Sieg-Heuke",0173/237 88 55,,sieg@ms-event-agentur.com,www.MS-Event-Agentur.com,unter der Schirmherrschaft der Bezirksbürgermeisterin A. Schöttler von Tempelhof-Schöneberg,K.A.,
636,Tempelhof-Schöneberg,Israel-Tag,Wittenbergplatz,,24.04.2015,24.04.2015,15:00-18:00,"Deutsch-Israelische Gesellschaft e. V., Arbeitsgemeinschaft Berlin und Potsdam, Auguststr. 80, 10117 Berlin","",,israeltag.berlin@gmail.com,www.digberlin.de,schalom@digberlin.de,Eintritt frei,Eintritt
392,Treptow-Köpenick,11. Köpenicker Winzerfrühling,"Altstadt Köpenick, Luisenhain und Schlossinsel",,24.04.2015,26.04.2015,"Fr ab 14:00
Sa ab 12:00
So ab 11:00","IG Altstadt Köpenick e. V./Bezirksamt Treptow-Köpenick, Herr Lemaitre",0173/617 25 5,61 67 40 09,info@lemaitre-events.de,www.winzerfest-köpenick.de,,K.A.,
394,Treptow-Köpenick,3. Berliner Wassersportfest,"Regatta-Anlage Berlin-Grünau im, am und auf dem Langen See",,01.05.2015,03.05.2015,10:00-20:00,"Berliner Wassersportfest GmbH, Grünstr. 4, 12555 Berlin",89 37 66 98,,info@wassersportfest.de,info@schlesingerevents.de,Organisation: Schlesinger Events,K.A.,
396,Treptow-Köpenick,Späth'er Frühling,"Berlin-Baumschulenweg, Späthstr. 80/81",,09.05.2015,10.05.2015,09:00-18:00,Späth'sche Baumschulen Handel GmbH,639 00 30,63 90 03 30,info@spaethsche-baumschulen.de,www.spaethsche-baumschulen.de,,"Eintritt 5 €, Kinder bis 16 Jahre frei",
398,Treptow-Köpenick,25. Fest auf der Bölsche,Bölschestraße Friedrichshagen,,09.05.2015,10.05.2015,ab 10:00,LAUBINGER Veranstaltungsagentur,033439/14 34 90,033439/14 34 92,info@laubinger.de,www.laubinger.de,"traditionsreiches Straßenfest mit großem Bühnenprogramm, Feuerwerk auf dem Müggelsee, Trödel- und Kunstmarkt in Zusammenarbeit mit: Werbegemeinschaft Friedrichshagen e. V.",K.A.,Uhrezeit
400,Treptow-Köpenick,Fest für Demokratie,Am Bahnhof Schöneweide und auf der Schnellerstraße,,30.05.2015,30.05.2015,13:00-20:00,"Bündnis für Demokratie und Toleranz, Frau Kati Becker","
65 48 72 93",65 48 72 93,zentrum@offensiv91.de,www.demokratie-tk.de,,Eintritt frei,Eintritt
402,Treptow-Köpenick,Musik im Park,Schlossinsel Köpenick,,27.05.2015,26.08.2015,jeden Mittwoch ab 18:00,"KuKuK e. V., Puchanstr. 7, 12555 Berlin, Matthias Schlesinger",0173/543 60 73 und 68,,info@kukuk-berlin.de,www.kukuk-berlin.de,Livemusik,Eintritt frei,Eintritt
404,Treptow-Köpenick,Müggelheimer Angerfest,"Dorfanger Müggelheim, Genzler-Hof, Alt-Müggelheim 9, und Baeyer-Hof, Alt-Müggelheim 5",,05.06.2015,07.06.2015,,"Müggelheimer Heimatverein e. V., Herr Belitz",659 86 13,65 94 15 33,mueggelheimer-heimatverein@gmx.de,www.mueggelheimer-heimatverein.de,Beginn am 04.06.: mit Rockmusik durch die Winzernacht auf dem Genzler-Hof,K.A.,
406,Treptow-Köpenick,54. Köpenicker Sommer mit dem historischen Festumzug und großem Höhenfeuerwerk,entlang der Köpenicker Altstadt,,19.06.2015,21.06.2015,"Fr 12:00-22:30
Sa 10:00-22:30 (im Luisenhain bis 24:00)
So 10:00-20:00","Jüttner Entertainment, Christian Jüttner",52 64 66 89 und 0152/33 90 83 98,52 64 66 90,info@juettner-entertainment.de,www.jüttner-entertainment.de,"ch.juettner@web.de, ",Eintritt frei,
408,Treptow-Köpenick,19. Kietzer Sommer,Fischerkietz,,20.06.2015,20.06.2015,11:00-23:00,Der Cöpenicker e. V.,65 88 00 94,65 88 00 93,coepenicker@online.de,www.der-coepenicker.de,,K.A.,
410,Treptow-Köpenick,21. Fête de la Musique,,,21.06.2015,21.06.2015,ab 16:00,"Fête Company, Wallstr. 15a, 10179 Berlin","",,hallo@fetedelamusique.de,www.fetedelamusique.de,Veranstaltungsorte und Uhrzeiten: siehe gesondertes Verzeichnis,Eintritt frei,Uhrezeit
412,Treptow-Köpenick,19. Müggelland-Rallye mit MG-Club Berlin - Old-Timer-Show,Start in der Straße zwischen Kirche und Alter Schule,,27.06.2015,27.06.2015,ab 09:00,"Müggelheimer Heimatverein e. V., Herr Belitz",659 86 13,65 94 15 33,Mueggelheimer-heimatverein@gmx.de,www.mueggelheimer-heimatverein.de,Old-Timer Show auf dem Dorfanger ab ca. 15:00,K.A:,
414,Treptow-Köpenick,Köpenicker Winzersommer,"Altstadt Köpenick, Luisenhain und Schlossinsel",12557,21.08.2015,23.08.2015,"Fr ab 14:00
Sa ab 12:00
So ab 11:00","IG Altstadt Köpenick e. V./Bezirksamt Köpenick von Berlin, Herr Lemaitre",0173/617 25 51,61 67 40 09,info@lemaitre-events.de,www.winzerfest-köpenick.de,,K.A.,
416,Treptow-Köpenick,13. Katzengraben-/Wäscherinnenfest,Futranplatz,,29.08.2015,29.08.2015,11:00 -  23:00,"Bezirksamt Treptow-Köpenick von Berlin/Anwohnerinitiative ""Organisatorenteam Katzengrabenfest"", Herr Pabst",90297 - 27 60,90297 - 28 50,veranstaltungen@ba-tk.berlin.de,www.katzengrabenfest.de,,K.A.,Uhrzeit
418,Treptow-Köpenick,Köpenicker Whiskyfest 2015,freiheit fünfzehn,12555,04.09.2015,05.09.2015,15:00-23:00,"ake GmbH, Herr Karnowski",65 88 78 12,76 76 38 86,info@schlesingerevents.de,www.schlesingerevents.de,"Eintritt, Organisation: Schlesinger Events",K.A.,bemerkungen
420,Treptow-Köpenick,19. Adlershofer Herbstfest,,,19.09.2015,19.09.2015,11:00 - 19:00,"Adlershofer Festkomitee, Herr Staneczek",677 24 58,,,,,K.A.,Uhrzeit
422,Treptow-Köpenick,Altglienicker Spätsommerfest,Ortskern Altglienicke,,13.09.2015,13.09.2015,14:00 - 18:00,"Wirtschaftsverband Altglienicker Unternehmer und Umgebung e. V., Herr Schulz",673 60 04,67 80 54 48,,www.altglienicke.de,,K.A.,Uhrzeit
424,Treptow-Köpenick,7. Flugkistenrennen 2015,"Sportanlage, Segelfliegerdamm 47a, Berlin-Johannisthal",12487,19.09.2015,19.09.2015,13:00-17:00,"AG Flugkistenrennen, unterstützt durch das Bezirksamt Treptow-Köpenick von Berlin",63 97 90 58,,info@johflug.de,www.johflug.de,,K.A.,
426,Treptow-Köpenick,Traditionsfest mit grünem Markt,"Berlin-Baumschulenweg, Späthstr. 80/81",,19.09.2015,20.09.2015,09:00-18:00,Späth'sche Baumschulen Handel GmbH,639 00 30,63 90 03 30,info@spaethsche-baumschulen.de,www.spaethsche-baumschulen.de,,"Eintritt 5 €, Kinder bis 16 Jahre frei",
428,Treptow-Köpenick,Müggelheimer Erntefest mit Schleppjagd (19.09.),"Dorfanger Müggelheim, Alt-Müggelheim 8",,19.09.2015,20.09.2015,ab 10:00,"Müggelheimer Heimatverein e. V., Herr Belitz",659 86 13,65 94 15 33,mueggelheimer-heimatverein@gmx.de,www.mueggelheimer-heimatverein.de,"Hubertusandacht 19.09. 11:45, danach Start der Reiter, Kremser und Radfahrer zur Begleitung der Jagd, Rückkehr ca. 15:00 mit anschließendem Curée, Alt-Müggelheim 8",K.A.,
430,Treptow-Köpenick,Halloween am Langen See,Wassergrundstück Rohrwallallee 71,12527,31.10.2015,31.10.2015,ab 17:00,"Siedlergemeinschaft Karolinenhof e. V., Rohrwallallee 71, 12527 Berlin",675 71 28,,,www.sg-karolinenhof.de,,K.A.,
560,Werder (Havel),6. Kunstinsel Werder (Havel),Marktplatz Inselstadt Werder,,29.08.2015,30.08.2015,11:00-18:00,"Cornelja Hasler, Kunsthand-Berlin",40 63 70 31,401 74 40,info@kunsthand-berlin.de,www.kunsthand-berlin.de,,K.A.,
456,Werder/Havel,136. Baumblütenfest,Werder/Havel,,25.04.2015,03.05.2015,ab 13:00,Wohlthat Entertainment GmbH,247 86 11,247 86 12,info@wohlthat-entertainment.de,www.wohlthat-entertainment.de,,frei,Uhrezeit
578,Werder/OT Petzow,12. Sanddornerntefest,"Sanddorn-Garten Christine Berger in Petzow, Fercher Str. 60",14542,05.09.2015,06.09.2015,ab 10:00,Christine Berger GmbH & Co. KG,03327/46 91 - 0,03327/46 91 24,info@sandokan.de,www.sandokan.de,,frei,
530,Zehdenick,Drachenbootrennen Zehdenick,zwischen Zugbrücke und Sportplatz,,12.07.2015,12.07.2015,09:00-16:00,"Stadt Zehdenick, Organisation: Wassersportzentrum Oranienburg",03301/53 95 90,03301/53 95 91,info@wassersportzentrum-oranienburg.de,www.wassersportzentrum-oranienburg.de,,,
